Mesh_area,Open_year,Familymart_Entry,LAWSON_Entry,Familymart_existed,LAWSON_existed,pop,n_employee,super_count,F_count,L_count
362327851,2011,0,0,0,0,13,2,1,1,0
362327851,2012,0,0,0,0,13,2,1,1,0
362327851,2013,1,0,0,0,13,2,1,1,0
362327851,2014,0,0,1,0,13,2,1,1,0
362327851,2015,0,0,1,0,10,2,1,1,0
362327851,2016,0,0,1,0,10,2,1,1,0
362327851,2017,0,0,1,0,10,2,1,1,0
362327851,2018,0,0,1,0,10,2,1,1,0
362441022,2011,0,0,0,0,673,24,0,1,0
362441022,2012,0,0,0,0,673,346,0,1,0
362441022,2013,0,0,0,0,673,346,0,1,0
362441022,2014,0,0,0,0,673,346,0,1,0
362441022,2015,1,0,0,0,695,346,0,1,0
362441022,2016,0,0,1,0,695,528,0,1,0
362441022,2017,0,0,1,0,695,528,0,1,0
362441022,2018,0,0,1,0,695,528,0,1,0
362441024,2011,0,0,0,0,2086,24,0,2,0
362441024,2012,0,0,0,0,2086,2182,0,2,0
362441024,2013,0,0,0,0,2086,2182,0,2,0
362441024,2014,1,0,0,0,2086,2182,0,2,0
362441024,2015,0,0,2,0,2042,2182,0,2,0
362441024,2016,0,0,2,0,2042,2107,0,2,0
362441024,2017,0,0,2,0,2042,2107,0,2,0
362441024,2018,0,0,2,0,2042,2107,0,2,0
362441031,2011,0,0,0,0,1904,24,0,2,0
362441031,2012,0,0,0,0,1904,490,0,2,0
362441031,2013,0,0,0,0,1904,490,0,2,0
362441031,2014,1,0,0,0,1904,490,0,2,0
362441031,2015,0,0,1,0,1921,490,0,2,0
362441031,2016,1,0,1,0,1921,502,0,2,0
362441031,2017,0,0,2,0,1921,502,0,2,0
362441031,2018,0,0,2,0,1921,502,0,2,0
362441034,2011,0,0,0,0,1710,24,1,1,0
362441034,2012,0,0,0,0,1710,498,1,1,0
362441034,2013,0,0,0,0,1710,498,1,1,0
362441034,2014,1,0,0,0,1710,498,1,1,0
362441034,2015,0,0,1,0,1814,498,1,1,0
362441034,2016,0,0,1,0,1814,443,1,1,0
362441034,2017,0,0,1,0,1814,443,1,1,0
362441034,2018,0,0,1,0,1814,443,1,1,0
362441041,2011,0,0,0,0,1416,24,0,1,0
362441041,2012,0,0,0,0,1416,477,0,1,0
362441041,2013,0,0,0,0,1416,477,0,1,0
362441041,2014,1,0,0,0,1416,477,0,1,0
362441041,2015,0,0,1,0,1390,477,0,1,0
362441041,2016,0,0,1,0,1390,465,0,1,0
362441041,2017,0,0,1,0,1390,465,0,1,0
362441041,2018,0,0,1,0,1390,465,0,1,0
362441043,2011,0,0,0,0,915,24,0,2,0
362441043,2012,0,0,0,0,915,455,0,2,0
362441043,2013,0,0,0,0,915,455,0,2,0
362441043,2014,0,0,0,0,915,455,0,2,0
362441043,2015,0,0,0,0,903,455,0,2,0
362441043,2016,1,0,0,0,903,420,0,2,0
362441043,2017,0,0,1,0,903,420,0,2,0
362441043,2018,1,0,1,0,903,420,0,2,0
362441053,2011,0,0,0,0,370,24,0,1,0
362441053,2012,0,0,0,0,370,280,0,1,0
362441053,2013,0,0,0,0,370,280,0,1,0
362441053,2014,0,0,0,0,370,280,0,1,0
362441053,2015,1,0,0,0,274,280,0,1,0
362441053,2016,0,0,1,0,274,323,0,1,0
362441053,2017,0,0,1,0,274,323,0,1,0
362441053,2018,0,0,1,0,274,323,0,1,0
362441114,2011,0,0,0,0,1174,24,1,1,0
362441114,2012,0,0,0,0,1174,471,1,1,0
362441114,2013,0,0,0,0,1174,471,1,1,0
362441114,2014,1,0,0,0,1174,471,1,1,0
362441114,2015,0,0,1,0,1031,471,1,1,0
362441114,2016,0,0,1,0,1031,509,1,1,0
362441114,2017,0,0,1,0,1031,509,1,1,0
362441114,2018,0,0,1,0,1031,509,1,1,0
362441121,2011,0,0,0,0,2948,24,4,2,0
362441121,2012,0,0,0,0,2948,1017,4,2,0
362441121,2013,0,0,0,0,2948,1017,4,2,0
362441121,2014,0,0,0,0,2948,1017,4,2,0
362441121,2015,0,0,0,0,2947,1017,4,2,0
362441121,2016,1,0,0,0,2947,1205,4,2,0
362441121,2017,0,0,2,0,2947,1205,4,2,0
362441121,2018,0,0,2,0,2947,1205,4,2,0
362441131,2011,0,0,0,0,886,24,1,1,0
362441131,2012,0,0,0,0,886,258,1,1,0
362441131,2013,0,0,0,0,886,258,1,1,0
362441131,2014,0,0,0,0,886,258,1,1,0
362441131,2015,1,0,0,0,909,258,1,1,0
362441131,2016,0,0,1,0,909,222,1,1,0
362441131,2017,0,0,1,0,909,222,1,1,0
362441131,2018,0,0,1,0,909,222,1,1,0
362441133,2011,0,0,0,0,845,24,0,1,0
362441133,2012,0,0,0,0,845,446,0,1,0
362441133,2013,0,0,0,0,845,446,0,1,0
362441133,2014,0,0,0,0,845,446,0,1,0
362441133,2015,0,0,0,0,866,446,0,1,0
362441133,2016,1,0,0,0,866,360,0,1,0
362441133,2017,0,0,1,0,866,360,0,1,0
362441133,2018,0,0,1,0,866,360,0,1,0
362441211,2011,0,0,0,0,969,24,0,1,0
362441211,2012,0,0,0,0,969,132,0,1,0
362441211,2013,0,0,0,0,969,132,0,1,0
362441211,2014,0,0,0,0,969,132,0,1,0
362441211,2015,0,0,0,0,1060,132,0,1,0
362441211,2016,1,0,0,0,1060,171,0,1,0
362441211,2017,0,0,1,0,1060,171,0,1,0
362441211,2018,0,0,1,0,1060,171,0,1,0
362441221,2011,0,0,0,0,643,24,0,1,0
362441221,2012,0,0,0,0,643,244,0,1,0
362441221,2013,0,0,0,0,643,244,0,1,0
362441221,2014,1,0,0,0,643,244,0,1,0
362441221,2015,0,0,1,0,680,244,0,1,0
362441221,2016,0,0,1,0,680,248,0,1,0
362441221,2017,0,0,1,0,680,248,0,1,0
362441221,2018,0,0,1,0,680,248,0,1,0
362441254,2011,0,0,0,0,39,24,1,1,0
362441254,2012,0,0,0,0,39,16,1,1,0
362441254,2013,0,0,0,0,39,16,1,1,0
362441254,2014,0,0,0,0,39,16,1,1,0
362441254,2015,0,0,0,0,69,16,1,1,0
362441254,2016,1,0,0,0,69,9,1,1,0
362441254,2017,0,0,1,0,69,9,1,1,0
362441254,2018,0,0,1,0,69,9,1,1,0
372502924,2011,0,0,0,0,199,25,0,1,0
372502924,2012,0,0,0,0,199,36,0,1,0
372502924,2013,0,0,0,0,199,36,0,1,0
372502924,2014,0,0,0,0,199,36,0,1,0
372502924,2015,0,0,0,0,216,36,0,1,0
372502924,2016,1,0,0,0,216,35,0,1,0
372502924,2017,0,0,1,0,216,35,0,1,0
372502924,2018,0,0,1,0,216,35,0,1,0
372512263,2011,0,0,0,0,52,25,0,1,0
372512263,2012,0,0,0,0,52,27,0,1,0
372512263,2013,0,0,0,0,52,27,0,1,0
372512263,2014,0,0,0,0,52,27,0,1,0
372512263,2015,0,0,0,0,62,27,0,1,0
372512263,2016,1,0,0,0,62,20,0,1,0
372512263,2017,0,0,1,0,62,20,0,1,0
372512263,2018,0,0,1,0,62,20,0,1,0
372512423,2011,0,0,0,0,462,25,1,1,0
372512423,2012,0,0,0,0,462,390,1,1,0
372512423,2013,0,0,0,0,462,390,1,1,0
372512423,2014,0,0,0,0,462,390,1,1,0
372512423,2015,0,0,0,0,614,390,1,1,0
372512423,2016,1,0,0,0,614,435,1,1,0
372512423,2017,0,0,1,0,614,435,1,1,0
372512423,2018,0,0,1,0,614,435,1,1,0
372512522,2011,0,0,0,0,1167,25,1,1,0
372512522,2012,0,0,0,0,1167,381,1,1,0
372512522,2013,0,0,0,0,1167,381,1,1,0
372512522,2014,0,0,0,0,1167,381,1,1,0
372512522,2015,0,0,0,0,1182,381,1,1,0
372512522,2016,1,0,0,0,1182,405,1,1,0
372512522,2017,0,0,1,0,1182,405,1,1,0
372512522,2018,0,0,1,0,1182,405,1,1,0
372512533,2011,0,0,0,0,1180,25,0,1,0
372512533,2012,0,0,0,0,1180,824,0,1,0
372512533,2013,0,0,0,0,1180,824,0,1,0
372512533,2014,0,0,0,0,1180,824,0,1,0
372512533,2015,1,0,0,0,1121,824,0,1,0
372512533,2016,0,0,1,0,1121,797,0,1,0
372512533,2017,0,0,1,0,1121,797,0,1,0
372512533,2018,0,0,1,0,1121,797,0,1,0
372512534,2011,0,0,0,0,1224,25,1,1,0
372512534,2012,0,0,0,0,1224,258,1,1,0
372512534,2013,0,0,0,0,1224,258,1,1,0
372512534,2014,0,0,0,0,1224,258,1,1,0
372512534,2015,0,0,0,0,1138,258,1,1,0
372512534,2016,1,0,0,0,1138,412,1,1,0
372512534,2017,0,0,1,0,1138,412,1,1,0
372512534,2018,0,0,1,0,1138,412,1,1,0
372512612,2011,0,0,0,0,1125,25,1,1,0
372512612,2012,0,0,0,0,1125,192,1,1,0
372512612,2013,0,0,0,0,1125,192,1,1,0
372512612,2014,0,0,0,0,1125,192,1,1,0
372512612,2015,0,0,0,0,1164,192,1,1,0
372512612,2016,1,0,0,0,1164,222,1,1,0
372512612,2017,0,0,1,0,1164,222,1,1,0
372512612,2018,0,0,1,0,1164,222,1,1,0
372512621,2011,0,0,0,0,1320,25,0,2,0
372512621,2012,0,0,0,0,1320,928,0,2,0
372512621,2013,1,0,0,0,1320,928,0,2,0
372512621,2014,0,0,1,0,1320,928,0,2,0
372512621,2015,0,0,1,0,1306,928,0,2,0
372512621,2016,0,0,1,0,1306,825,0,2,0
372512621,2017,1,0,1,0,1306,825,0,2,0
372512621,2018,0,0,2,0,1306,825,0,2,0
372512622,2011,1,0,0,0,1725,25,0,1,0
372512622,2012,0,0,1,0,1725,1064,0,1,0
372512622,2013,0,0,1,0,1725,1064,0,1,0
372512622,2014,0,0,1,0,1725,1064,0,1,0
372512622,2015,0,0,1,0,1564,1064,0,1,0
372512622,2016,0,0,1,0,1564,939,0,1,0
372512622,2017,0,0,1,0,1564,939,0,1,0
372512622,2018,0,0,1,0,1564,939,0,1,0
372512623,2011,0,0,1,0,910,25,0,1,0
372512623,2012,0,0,1,0,910,1260,0,1,0
372512623,2013,0,0,1,0,910,1260,0,1,0
372512623,2014,0,0,1,0,910,1260,0,1,0
372512623,2015,0,0,1,0,750,1260,0,1,0
372512623,2016,1,0,1,0,750,1303,0,1,0
372512623,2017,0,0,2,0,750,1303,0,1,0
372512623,2018,0,0,2,0,750,1303,0,1,0
372512724,2011,0,0,0,0,260,25,0,1,0
372512724,2012,0,0,0,0,260,110,0,1,0
372512724,2013,0,0,0,0,260,110,0,1,0
372512724,2014,0,0,0,0,260,110,0,1,0
372512724,2015,0,0,0,0,225,110,0,1,0
372512724,2016,1,0,0,0,225,129,0,1,0
372512724,2017,0,0,1,0,225,129,0,1,0
372512724,2018,0,0,1,0,225,129,0,1,0
392645194,2011,0,0,0,0,854,36,2,1,0
392645194,2012,0,0,0,0,854,262,2,1,0
392645194,2013,0,0,0,0,854,262,2,1,0
392645194,2014,0,0,0,0,854,262,2,1,0
392645194,2015,0,0,0,0,884,262,2,1,0
392645194,2016,1,0,0,0,884,240,2,1,0
392645194,2017,0,0,1,0,884,240,2,1,0
392645194,2018,0,0,1,0,884,240,2,1,0
392646044,2011,0,0,0,0,232,36,2,1,0
392646044,2012,0,0,0,0,232,56,2,1,0
392646044,2013,0,0,0,0,232,56,2,1,0
392646044,2014,0,0,0,0,232,56,2,1,0
392646044,2015,0,0,0,0,236,56,2,1,0
392646044,2016,1,0,0,0,236,46,2,1,0
392646044,2017,0,0,1,0,236,46,2,1,0
392646044,2018,0,0,1,0,236,46,2,1,0
392715433,2011,0,0,0,0,55,110,0,1,2
392715433,2012,0,0,0,0,55,319,0,1,2
392715433,2013,0,1,0,0,55,319,0,1,2
392715433,2014,0,0,0,2,55,319,0,1,2
392715433,2015,0,0,0,2,294,319,0,1,2
392715433,2016,1,0,0,2,294,465,0,1,2
392715433,2017,0,0,1,2,294,465,0,1,2
392715433,2018,0,0,1,2,294,465,0,1,2
392715443,2011,0,0,0,0,509,110,0,1,0
392715443,2012,0,0,0,0,509,17,0,1,0
392715443,2013,0,0,0,0,509,17,0,1,0
392715443,2014,0,0,0,0,509,17,0,1,0
392715443,2015,0,0,0,0,453,17,0,1,0
392715443,2016,0,0,0,0,453,24,0,1,0
392715443,2017,1,0,0,0,453,24,0,1,0
392715443,2018,0,0,1,0,453,24,0,1,0
392715491,2011,0,0,0,0,338,36,0,0,1
392715491,2012,0,0,0,0,338,55,0,0,1
392715491,2013,0,0,0,0,338,55,0,0,1
392715491,2014,0,0,0,0,338,55,0,0,1
392715491,2015,0,1,0,0,404,55,0,0,1
392715491,2016,0,0,0,1,404,83,0,0,1
392715491,2017,0,0,0,1,404,83,0,0,1
392715491,2018,0,0,0,1,404,83,0,0,1
392715493,2011,0,0,0,0,240,36,0,1,0
392715493,2012,0,0,0,0,240,76,0,1,0
392715493,2013,0,0,0,0,240,76,0,1,0
392715493,2014,0,0,0,0,240,76,0,1,0
392715493,2015,0,0,0,0,204,76,0,1,0
392715493,2016,1,0,0,0,204,51,0,1,0
392715493,2017,0,0,1,0,204,51,0,1,0
392715493,2018,0,0,1,0,204,51,0,1,0
392715532,2011,0,0,0,0,2615,110,0,2,0
392715532,2012,0,0,0,0,2615,320,0,2,0
392715532,2013,0,0,0,0,2615,320,0,2,0
392715532,2014,0,0,0,0,2615,320,0,2,0
392715532,2015,0,0,0,0,2664,320,0,2,0
392715532,2016,1,0,0,0,2664,381,0,2,0
392715532,2017,0,0,1,0,2664,381,0,2,0
392715532,2018,1,0,1,0,2664,381,0,2,0
392715544,2011,0,0,0,0,996,110,0,0,1
392715544,2012,0,0,0,0,996,177,0,0,1
392715544,2013,0,0,0,0,996,177,0,0,1
392715544,2014,0,0,0,0,996,177,0,0,1
392715544,2015,0,0,0,0,1034,177,0,0,1
392715544,2016,0,0,0,0,1034,297,0,0,1
392715544,2017,0,0,0,0,1034,297,0,0,1
392715544,2018,0,1,0,0,1034,297,0,0,1
392715583,2011,0,0,0,0,505,36,0,0,1
392715583,2012,0,0,0,0,505,13,0,0,1
392715583,2013,0,0,0,0,505,13,0,0,1
392715583,2014,0,0,0,0,505,13,0,0,1
392715583,2015,0,0,0,0,493,13,0,0,1
392715583,2016,0,0,0,0,493,41,0,0,1
392715583,2017,0,0,0,0,493,41,0,0,1
392715583,2018,0,1,0,0,493,41,0,0,1
392715722,2011,0,0,1,0,222,110,0,1,0
392715722,2012,1,0,1,0,222,971,0,1,0
392715722,2013,0,0,2,0,222,971,0,1,0
392715722,2014,0,0,2,0,222,971,0,1,0
392715722,2015,0,0,2,0,202,971,0,1,0
392715722,2016,0,0,2,0,202,1070,0,1,0
392715722,2017,0,0,2,0,202,1070,0,1,0
392715722,2018,0,0,2,0,202,1070,0,1,0
392715753,2011,0,0,0,0,810,36,0,1,0
392715753,2012,0,0,0,0,810,36,0,1,0
392715753,2013,0,0,0,0,810,36,0,1,0
392715753,2014,0,0,0,0,810,36,0,1,0
392715753,2015,0,0,0,0,828,36,0,1,0
392715753,2016,1,0,0,0,828,548,0,1,0
392715753,2017,0,0,1,0,828,548,0,1,0
392715753,2018,0,0,1,0,828,548,0,1,0
392715792,2011,0,0,0,0,408,36,0,0,1
392715792,2012,0,0,0,0,408,36,0,0,1
392715792,2013,0,0,0,0,408,36,0,0,1
392715792,2014,0,0,0,0,408,36,0,0,1
392715792,2015,0,0,0,0,414,36,0,0,1
392715792,2016,0,1,0,0,414,6,0,0,1
392715792,2017,0,0,0,1,414,6,0,0,1
392715792,2018,0,0,0,1,414,6,0,0,1
392715834,2011,0,0,0,0,1097,110,0,2,0
392715834,2012,0,0,0,0,1097,110,0,2,0
392715834,2013,1,0,0,0,1097,110,0,2,0
392715834,2014,1,0,1,0,1097,110,0,2,0
392715834,2015,0,0,2,0,1067,110,0,2,0
392715834,2016,0,0,2,0,1067,166,0,2,0
392715834,2017,0,0,2,0,1067,166,0,2,0
392715834,2018,0,0,2,0,1067,166,0,2,0
392715863,2011,0,0,0,0,236,36,0,0,1
392715863,2012,0,0,0,0,236,36,0,0,1
392715863,2013,0,0,0,0,236,36,0,0,1
392715863,2014,0,0,0,0,236,36,0,0,1
392715863,2015,0,1,0,0,186,36,0,0,1
392715863,2016,0,0,0,1,186,9,0,0,1
392715863,2017,0,0,0,1,186,9,0,0,1
392715863,2018,0,0,0,1,186,9,0,0,1
392715874,2011,0,0,1,0,1515,36,0,0,1
392715874,2012,0,0,1,0,1515,232,0,0,1
392715874,2013,0,1,1,0,1515,232,0,0,1
392715874,2014,0,0,1,1,1515,232,0,0,1
392715874,2015,0,0,1,1,1861,232,0,0,1
392715874,2016,0,0,1,1,1861,332,0,0,1
392715874,2017,0,0,1,1,1861,332,0,0,1
392715874,2018,0,0,1,1,1861,332,0,0,1
392715953,2011,0,0,0,0,652,110,1,0,1
392715953,2012,0,0,0,0,652,110,1,0,1
392715953,2013,0,0,0,0,652,110,1,0,1
392715953,2014,0,0,0,0,652,110,1,0,1
392715953,2015,0,1,0,0,671,110,1,0,1
392715953,2016,0,0,0,1,671,387,1,0,1
392715953,2017,0,0,0,1,671,387,1,0,1
392715953,2018,0,0,0,1,671,387,1,0,1
392715963,2011,1,0,0,0,1496,36,0,1,0
392715963,2012,0,0,1,0,1496,36,0,1,0
392715963,2013,0,0,1,0,1496,36,0,1,0
392715963,2014,0,0,1,0,1496,36,0,1,0
392715963,2015,0,0,1,0,1461,36,0,1,0
392715963,2016,0,0,1,0,1461,134,0,1,0
392715963,2017,0,0,1,0,1461,134,0,1,0
392715963,2018,0,0,1,0,1461,134,0,1,0
392715981,2011,0,0,0,0,1279,36,0,0,1
392715981,2012,0,0,0,0,1279,36,0,0,1
392715981,2013,0,0,0,0,1279,36,0,0,1
392715981,2014,0,0,0,0,1279,36,0,0,1
392715981,2015,0,0,0,0,1824,36,0,0,1
392715981,2016,0,1,0,0,1824,311,0,0,1
392715981,2017,0,0,0,1,1824,311,0,0,1
392715981,2018,0,0,0,1,1824,311,0,0,1
392715993,2011,0,1,0,0,625,48,0,1,1
392715993,2012,0,0,0,1,625,66,0,1,1
392715993,2013,0,0,0,1,625,66,0,1,1
392715993,2014,0,0,0,1,625,66,0,1,1
392715993,2015,0,0,0,1,711,66,0,1,1
392715993,2016,1,0,0,1,711,98,0,1,1
392715993,2017,0,0,1,1,711,98,0,1,1
392715993,2018,0,0,1,1,711,98,0,1,1
392716613,2011,0,0,0,0,22,48,1,0,1
392716613,2012,0,0,0,0,22,106,1,0,1
392716613,2013,0,0,0,0,22,106,1,0,1
392716613,2014,0,0,0,0,22,106,1,0,1
392716613,2015,0,0,0,0,85,106,1,0,1
392716613,2016,0,1,0,0,85,157,1,0,1
392716613,2017,0,0,0,1,85,157,1,0,1
392716613,2018,0,0,0,1,85,157,1,0,1
392716711,2011,0,0,0,0,596,48,2,1,0
392716711,2012,0,0,0,0,596,127,2,1,0
392716711,2013,0,0,0,0,596,127,2,1,0
392716711,2014,1,0,0,0,596,127,2,1,0
392716711,2015,0,0,1,0,587,127,2,1,0
392716711,2016,0,0,1,0,587,164,2,1,0
392716711,2017,0,0,1,0,587,164,2,1,0
392716711,2018,0,0,1,0,587,164,2,1,0
392716823,2011,0,0,0,0,291,48,0,0,1
392716823,2012,0,0,0,0,291,81,0,0,1
392716823,2013,0,0,0,0,291,81,0,0,1
392716823,2014,0,0,0,0,291,81,0,0,1
392716823,2015,0,0,0,0,324,81,0,0,1
392716823,2016,0,0,0,0,324,120,0,0,1
392716823,2017,0,0,0,0,324,120,0,0,1
392716823,2018,0,1,0,0,324,120,0,0,1
392716824,2011,0,0,0,1,703,48,0,1,0
392716824,2012,0,0,0,1,703,110,0,1,0
392716824,2013,0,0,0,1,703,110,0,1,0
392716824,2014,0,0,0,1,703,110,0,1,0
392716824,2015,0,0,0,1,603,110,0,1,0
392716824,2016,0,0,0,1,603,111,0,1,0
392716824,2017,1,0,0,1,603,111,0,1,0
392716824,2018,0,0,1,1,603,111,0,1,0
392725093,2011,0,0,0,0,706,48,1,0,1
392725093,2012,0,0,0,0,706,186,1,0,1
392725093,2013,0,0,0,0,706,186,1,0,1
392725093,2014,0,0,0,0,706,186,1,0,1
392725093,2015,0,0,0,0,787,186,1,0,1
392725093,2016,0,1,0,0,787,186,1,0,1
392725093,2017,0,0,0,1,787,186,1,0,1
392725093,2018,0,0,0,1,787,186,1,0,1
392725132,2011,0,0,0,0,1169,231,0,0,1
392725132,2012,0,0,0,0,1169,231,0,0,1
392725132,2013,0,0,0,0,1169,231,0,0,1
392725132,2014,0,0,0,0,1169,231,0,0,1
392725132,2015,0,1,0,0,1491,231,0,0,1
392725132,2016,0,0,0,1,1491,302,0,0,1
392725132,2017,0,0,0,1,1491,302,0,0,1
392725132,2018,0,0,0,1,1491,302,0,0,1
392725133,2011,0,0,0,0,1984,231,0,1,0
392725133,2012,0,0,0,0,1984,231,0,1,0
392725133,2013,0,0,0,0,1984,231,0,1,0
392725133,2014,0,0,0,0,1984,231,0,1,0
392725133,2015,0,0,0,0,1995,231,0,1,0
392725133,2016,1,0,0,0,1995,326,0,1,0
392725133,2017,0,0,1,0,1995,326,0,1,0
392725133,2018,0,0,1,0,1995,326,0,1,0
392725193,2011,0,0,0,0,415,48,0,0,1
392725193,2012,0,0,0,0,415,45,0,0,1
392725193,2013,0,0,0,0,415,45,0,0,1
392725193,2014,0,0,0,0,415,45,0,0,1
392725193,2015,0,0,0,0,432,45,0,0,1
392725193,2016,0,1,0,0,432,67,0,0,1
392725193,2017,0,0,0,1,432,67,0,0,1
392725193,2018,0,0,0,1,432,67,0,0,1
392725231,2011,0,0,0,0,2989,231,0,0,1
392725231,2012,0,0,0,0,2989,231,0,0,1
392725231,2013,0,0,0,0,2989,231,0,0,1
392725231,2014,0,0,0,0,2989,231,0,0,1
392725231,2015,0,1,0,0,3177,231,0,0,1
392725231,2016,0,0,0,1,3177,309,0,0,1
392725231,2017,0,0,0,1,3177,309,0,0,1
392725231,2018,0,0,0,1,3177,309,0,0,1
392725234,2011,0,0,1,0,4102,231,2,1,0
392725234,2012,0,0,1,0,4102,231,2,1,0
392725234,2013,0,0,1,0,4102,231,2,1,0
392725234,2014,0,0,1,0,4102,231,2,1,0
392725234,2015,0,0,1,0,4197,231,2,1,0
392725234,2016,1,0,1,0,4197,738,2,1,0
392725234,2017,0,0,2,0,4197,738,2,1,0
392725234,2018,0,0,2,0,4197,738,2,1,0
392725241,2011,0,0,0,0,2140,231,0,1,0
392725241,2012,0,0,0,0,2140,231,0,1,0
392725241,2013,0,0,0,0,2140,231,0,1,0
392725241,2014,0,0,0,0,2140,231,0,1,0
392725241,2015,0,0,0,0,2243,231,0,1,0
392725241,2016,1,0,0,0,2243,289,0,1,0
392725241,2017,0,0,1,0,2243,289,0,1,0
392725241,2018,0,0,1,0,2243,289,0,1,0
392725253,2011,0,0,1,0,2631,231,2,0,1
392725253,2012,0,0,1,0,2631,856,2,0,1
392725253,2013,0,1,1,0,2631,856,2,0,1
392725253,2014,0,0,1,1,2631,856,2,0,1
392725253,2015,0,0,1,1,2739,856,2,0,1
392725253,2016,0,0,1,1,2739,838,2,0,1
392725253,2017,0,0,1,1,2739,838,2,0,1
392725253,2018,0,0,1,1,2739,838,2,0,1
392725264,2011,0,0,0,1,997,36,2,0,1
392725264,2012,0,0,0,1,997,36,2,0,1
392725264,2013,0,0,0,1,997,36,2,0,1
392725264,2014,0,1,0,1,997,36,2,0,1
392725264,2015,0,0,0,2,1000,36,2,0,1
392725264,2016,0,0,0,2,1000,957,2,0,1
392725264,2017,0,0,0,2,1000,957,2,0,1
392725264,2018,0,0,0,2,1000,957,2,0,1
392725273,2011,0,0,0,0,1022,36,0,0,1
392725273,2012,0,0,0,0,1022,63,0,0,1
392725273,2013,0,0,0,0,1022,63,0,0,1
392725273,2014,0,0,0,0,1022,63,0,0,1
392725273,2015,0,1,0,0,1463,63,0,0,1
392725273,2016,0,0,0,1,1463,89,0,0,1
392725273,2017,0,0,0,1,1463,89,0,0,1
392725273,2018,0,0,0,1,1463,89,0,0,1
392725341,2011,0,0,2,0,4424,231,0,1,0
392725341,2012,0,0,2,0,4424,231,0,1,0
392725341,2013,0,0,2,0,4424,231,0,1,0
392725341,2014,0,0,2,0,4424,231,0,1,0
392725341,2015,0,0,2,0,4561,231,0,1,0
392725341,2016,1,0,2,0,4561,1697,0,1,0
392725341,2017,0,0,3,0,4561,1697,0,1,0
392725341,2018,0,0,3,0,4561,1697,0,1,0
392725354,2011,0,0,1,0,4351,231,1,1,1
392725354,2012,0,0,1,0,4351,231,1,1,1
392725354,2013,0,1,1,0,4351,231,1,1,1
392725354,2014,1,0,1,1,4351,231,1,1,1
392725354,2015,0,0,2,1,4439,231,1,1,1
392725354,2016,0,0,2,1,4439,991,1,1,1
392725354,2017,0,0,2,1,4439,991,1,1,1
392725354,2018,0,0,2,1,4439,991,1,1,1
392725361,2011,0,0,0,0,2090,36,0,1,0
392725361,2012,0,0,0,0,2090,36,0,1,0
392725361,2013,0,0,0,0,2090,36,0,1,0
392725361,2014,0,0,0,0,2090,36,0,1,0
392725361,2015,0,0,0,0,2300,36,0,1,0
392725361,2016,0,0,0,0,2300,498,0,1,0
392725361,2017,0,0,0,0,2300,498,0,1,0
392725361,2018,1,0,0,0,2300,498,0,1,0
392725362,2011,1,0,0,0,2557,36,0,1,0
392725362,2012,0,0,1,0,2557,36,0,1,0
392725362,2013,0,0,1,0,2557,36,0,1,0
392725362,2014,0,0,1,0,2557,36,0,1,0
392725362,2015,0,0,1,0,2744,36,0,1,0
392725362,2016,0,0,1,0,2744,666,0,1,0
392725362,2017,0,0,1,0,2744,666,0,1,0
392725362,2018,0,0,1,0,2744,666,0,1,0
392725394,2011,0,0,0,0,1121,36,2,1,0
392725394,2012,0,0,0,0,1121,36,2,1,0
392725394,2013,0,0,0,0,1121,36,2,1,0
392725394,2014,0,0,0,0,1121,36,2,1,0
392725394,2015,0,0,0,0,1256,36,2,1,0
392725394,2016,1,0,0,0,1256,499,2,1,0
392725394,2017,0,0,1,0,1256,499,2,1,0
392725394,2018,0,0,1,0,1256,499,2,1,0
392725422,2011,0,0,0,0,228,1110,0,0,2
392725422,2012,0,0,0,0,228,703,0,0,2
392725422,2013,0,0,0,0,228,703,0,0,2
392725422,2014,0,0,0,0,228,703,0,0,2
392725422,2015,0,0,0,0,256,703,0,0,2
392725422,2016,0,0,0,0,256,1064,0,0,2
392725422,2017,0,1,0,0,256,1064,0,0,2
392725422,2018,0,0,0,2,256,1064,0,0,2
392725431,2011,0,0,0,1,2874,1110,0,1,0
392725431,2012,0,0,0,1,2874,705,0,1,0
392725431,2013,0,0,0,1,2874,705,0,1,0
392725431,2014,0,0,0,1,2874,705,0,1,0
392725431,2015,0,0,0,1,2934,705,0,1,0
392725431,2016,1,0,0,1,2934,719,0,1,0
392725431,2017,0,0,1,1,2934,719,0,1,0
392725431,2018,0,0,1,1,2934,719,0,1,0
392725443,2011,0,0,1,0,1703,1110,3,2,0
392725443,2012,1,0,1,0,1703,5747,3,2,0
392725443,2013,0,0,2,0,1703,5747,3,2,0
392725443,2014,0,0,2,0,1703,5747,3,2,0
392725443,2015,0,0,2,0,1694,5747,3,2,0
392725443,2016,1,0,2,0,1694,4928,3,2,0
392725443,2017,0,0,3,0,1694,4928,3,2,0
392725443,2018,0,0,3,0,1694,4928,3,2,0
392725451,2011,0,0,0,1,4432,1110,1,1,0
392725451,2012,0,0,0,1,4432,682,1,1,0
392725451,2013,0,0,0,1,4432,682,1,1,0
392725451,2014,1,0,0,1,4432,682,1,1,0
392725451,2015,0,0,1,1,4192,682,1,1,0
392725451,2016,0,0,1,1,4192,697,1,1,0
392725451,2017,0,0,1,1,4192,697,1,1,0
392725451,2018,0,0,1,1,4192,697,1,1,0
392725461,2011,0,0,0,1,5244,1110,1,1,0
392725461,2012,0,0,0,1,5244,696,1,1,0
392725461,2013,0,0,0,1,5244,696,1,1,0
392725461,2014,0,0,0,1,5244,696,1,1,0
392725461,2015,0,0,0,1,4939,696,1,1,0
392725461,2016,0,0,0,1,4939,682,1,1,0
392725461,2017,0,0,0,1,4939,682,1,1,0
392725461,2018,1,0,0,1,4939,682,1,1,0
392725471,2011,0,0,0,0,1270,36,0,0,1
392725471,2012,0,0,0,0,1270,36,0,0,1
392725471,2013,0,0,0,0,1270,36,0,0,1
392725471,2014,0,0,0,0,1270,36,0,0,1
392725471,2015,0,0,0,0,1250,36,0,0,1
392725471,2016,0,1,0,0,1250,612,0,0,1
392725471,2017,0,0,0,1,1250,612,0,0,1
392725471,2018,0,0,0,1,1250,612,0,0,1
392725474,2011,0,1,1,0,271,36,0,0,1
392725474,2012,0,0,1,1,271,36,0,0,1
392725474,2013,0,0,1,1,271,36,0,0,1
392725474,2014,0,0,1,1,271,36,0,0,1
392725474,2015,0,0,1,1,304,36,0,0,1
392725474,2016,0,0,1,1,304,458,0,0,1
392725474,2017,0,0,1,1,304,458,0,0,1
392725474,2018,0,0,1,1,304,458,0,0,1
392725532,2011,0,0,0,1,1051,1110,0,0,1
392725532,2012,0,0,0,1,1051,1594,0,0,1
392725532,2013,0,1,0,1,1051,1594,0,0,1
392725532,2014,0,0,0,2,1051,1594,0,0,1
392725532,2015,0,0,0,2,1252,1594,0,0,1
392725532,2016,0,0,0,2,1252,1784,0,0,1
392725532,2017,0,0,0,2,1252,1784,0,0,1
392725532,2018,0,0,0,2,1252,1784,0,0,1
392725541,2011,0,0,0,2,2142,1110,0,1,1
392725541,2012,0,1,0,2,2142,4137,0,1,1
392725541,2013,0,0,0,3,2142,4137,0,1,1
392725541,2014,0,0,0,3,2142,4137,0,1,1
392725541,2015,0,0,0,3,2130,4137,0,1,1
392725541,2016,0,0,0,3,2130,4263,0,1,1
392725541,2017,0,0,0,3,2130,4263,0,1,1
392725541,2018,1,0,0,3,2130,4263,0,1,1
392725542,2011,1,0,1,1,2854,1110,0,1,0
392725542,2012,0,0,2,1,2854,1721,0,1,0
392725542,2013,0,0,2,1,2854,1721,0,1,0
392725542,2014,0,0,2,1,2854,1721,0,1,0
392725542,2015,0,0,2,1,2848,1721,0,1,0
392725542,2016,0,0,2,1,2848,2064,0,1,0
392725542,2017,0,0,2,1,2848,2064,0,1,0
392725542,2018,0,0,2,1,2848,2064,0,1,0
392725543,2011,0,0,3,2,1341,1110,8,2,2
392725543,2012,0,1,3,2,1341,11111,8,2,2
392725543,2013,1,1,3,3,1341,11111,8,2,2
392725543,2014,0,0,4,4,1341,11111,8,2,2
392725543,2015,1,0,4,4,1302,11111,8,2,2
392725543,2016,0,0,5,4,1302,12554,8,2,2
392725543,2017,0,0,5,4,1302,12554,8,2,2
392725543,2018,0,0,5,4,1302,12554,8,2,2
392725544,2011,1,0,1,1,3186,1110,0,3,2
392725544,2012,1,1,2,1,3186,4178,0,3,2
392725544,2013,0,0,3,2,3186,4178,0,3,2
392725544,2014,0,0,3,2,3186,4178,0,3,2
392725544,2015,0,0,3,2,3379,4178,0,3,2
392725544,2016,0,1,3,2,3379,4514,0,3,2
392725544,2017,0,0,3,3,3379,4514,0,3,2
392725544,2018,1,0,3,3,3379,4514,0,3,2
392725553,2011,0,0,0,2,3426,1110,0,1,0
392725553,2012,0,0,0,2,3426,3543,0,1,0
392725553,2013,0,0,0,2,3426,3543,0,1,0
392725553,2014,0,0,0,2,3426,3543,0,1,0
392725553,2015,0,0,0,2,3093,3543,0,1,0
392725553,2016,1,0,0,2,3093,3461,0,1,0
392725553,2017,0,0,1,2,3093,3461,0,1,0
392725553,2018,0,0,1,2,3093,3461,0,1,0
392725554,2011,0,0,1,1,4806,1110,1,1,0
392725554,2012,0,0,1,1,4806,1285,1,1,0
392725554,2013,1,0,1,1,4806,1285,1,1,0
392725554,2014,0,0,2,1,4806,1285,1,1,0
392725554,2015,0,0,2,1,4760,1285,1,1,0
392725554,2016,0,0,2,1,4760,1429,1,1,0
392725554,2017,0,0,2,1,4760,1429,1,1,0
392725554,2018,0,0,2,1,4760,1429,1,1,0
392725561,2011,0,0,0,0,4510,1110,0,1,0
392725561,2012,1,0,0,0,4510,618,0,1,0
392725561,2013,0,0,1,0,4510,618,0,1,0
392725561,2014,0,0,1,0,4510,618,0,1,0
392725561,2015,0,0,1,0,4510,618,0,1,0
392725561,2016,0,0,1,0,4510,523,0,1,0
392725561,2017,0,0,1,0,4510,523,0,1,0
392725561,2018,0,0,1,0,4510,523,0,1,0
392725641,2011,0,1,1,3,2416,1110,0,1,2
392725641,2012,0,0,1,5,2416,4100,0,1,2
392725641,2013,0,0,1,5,2416,4100,0,1,2
392725641,2014,0,0,1,5,2416,4100,0,1,2
392725641,2015,0,0,1,5,2271,4100,0,1,2
392725641,2016,1,0,1,5,2271,3608,0,1,2
392725641,2017,0,0,2,5,2271,3608,0,1,2
392725641,2018,0,0,2,5,2271,3608,0,1,2
392725642,2011,0,0,1,1,3108,1110,2,1,0
392725642,2012,0,0,1,1,3108,3721,2,1,0
392725642,2013,0,0,1,1,3108,3721,2,1,0
392725642,2014,0,0,1,1,3108,3721,2,1,0
392725642,2015,0,0,1,1,3307,3721,2,1,0
392725642,2016,0,0,1,1,3307,3193,2,1,0
392725642,2017,0,0,1,1,3307,3193,2,1,0
392725642,2018,1,0,1,1,3307,3193,2,1,0
392725644,2011,0,1,2,1,3823,1110,0,0,1
392725644,2012,0,0,2,2,3823,3197,0,0,1
392725644,2013,0,0,2,2,3823,3197,0,0,1
392725644,2014,0,0,2,2,3823,3197,0,0,1
392725644,2015,0,0,2,2,3696,3197,0,0,1
392725644,2016,0,0,2,2,3696,3521,0,0,1
392725644,2017,0,0,2,2,3696,3521,0,0,1
392725644,2018,0,0,2,2,3696,3521,0,0,1
392725651,2011,0,0,3,0,3081,1110,0,0,1
392725651,2012,0,0,3,0,3081,3385,0,0,1
392725651,2013,0,0,3,0,3081,3385,0,0,1
392725651,2014,0,0,3,0,3081,3385,0,0,1
392725651,2015,0,1,3,0,3462,3385,0,0,1
392725651,2016,0,0,3,1,3462,3251,0,0,1
392725651,2017,0,0,3,1,3462,3251,0,0,1
392725651,2018,0,0,3,1,3462,3251,0,0,1
392725652,2011,1,0,1,0,4245,1110,1,1,0
392725652,2012,0,0,2,0,4245,1839,1,1,0
392725652,2013,0,0,2,0,4245,1839,1,1,0
392725652,2014,0,0,2,0,4245,1839,1,1,0
392725652,2015,0,0,2,0,4352,1839,1,1,0
392725652,2016,0,0,2,0,4352,1864,1,1,0
392725652,2017,0,0,2,0,4352,1864,1,1,0
392725652,2018,0,0,2,0,4352,1864,1,1,0
392725653,2011,0,0,1,0,4040,1110,0,1,0
392725653,2012,0,0,1,0,4040,1560,0,1,0
392725653,2013,1,0,1,0,4040,1560,0,1,0
392725653,2014,0,0,2,0,4040,1560,0,1,0
392725653,2015,0,0,2,0,3970,1560,0,1,0
392725653,2016,0,0,2,0,3970,1850,0,1,0
392725653,2017,0,0,2,0,3970,1850,0,1,0
392725653,2018,0,0,2,0,3970,1850,0,1,0
392725654,2011,0,0,0,1,1049,1110,0,0,2
392725654,2012,0,1,0,1,1049,3854,0,0,2
392725654,2013,0,0,0,2,1049,3854,0,0,2
392725654,2014,0,1,0,2,1049,3854,0,0,2
392725654,2015,0,0,0,3,2159,3854,0,0,2
392725654,2016,0,0,0,3,2159,5343,0,0,2
392725654,2017,0,0,0,3,2159,5343,0,0,2
392725654,2018,0,0,0,3,2159,5343,0,0,2
392725662,2011,0,0,0,0,2485,1110,2,3,0
392725662,2012,0,0,0,0,2485,573,2,3,0
392725662,2013,0,0,0,0,2485,573,2,3,0
392725662,2014,1,0,0,0,2485,573,2,3,0
392725662,2015,0,0,1,0,2480,573,2,3,0
392725662,2016,1,0,1,0,2480,636,2,3,0
392725662,2017,0,0,2,0,2480,636,2,3,0
392725662,2018,1,0,2,0,2480,636,2,3,0
392725663,2011,0,0,0,0,1572,1110,2,2,0
392725663,2012,0,0,0,0,1572,542,2,2,0
392725663,2013,1,0,0,0,1572,542,2,2,0
392725663,2014,0,0,1,0,1572,542,2,2,0
392725663,2015,0,0,1,0,3047,542,2,2,0
392725663,2016,1,0,1,0,3047,828,2,2,0
392725663,2017,0,0,2,0,3047,828,2,2,0
392725663,2018,0,0,2,0,3047,828,2,2,0
392725672,2011,0,0,1,0,1907,1110,1,0,1
392725672,2012,0,1,1,0,1907,603,1,0,1
392725672,2013,0,0,1,1,1907,603,1,0,1
392725672,2014,0,0,1,1,1907,603,1,0,1
392725672,2015,0,0,1,1,1859,603,1,0,1
392725672,2016,0,0,1,1,1859,559,1,0,1
392725672,2017,0,0,1,1,1859,559,1,0,1
392725672,2018,0,0,1,1,1859,559,1,0,1
392725744,2011,0,0,0,0,2218,1110,0,1,0
392725744,2012,0,0,0,0,2218,1103,0,1,0
392725744,2013,0,0,0,0,2218,1103,0,1,0
392725744,2014,0,0,0,0,2218,1103,0,1,0
392725744,2015,0,0,0,0,2692,1103,0,1,0
392725744,2016,1,0,0,0,2692,1337,0,1,0
392725744,2017,0,0,1,0,2692,1337,0,1,0
392725744,2018,0,0,1,0,2692,1337,0,1,0
392725754,2011,0,0,1,0,2284,1110,1,0,1
392725754,2012,0,0,1,0,2284,1175,1,0,1
392725754,2013,0,0,1,0,2284,1175,1,0,1
392725754,2014,0,1,1,0,2284,1175,1,0,1
392725754,2015,0,0,1,1,2539,1175,1,0,1
392725754,2016,0,0,1,1,2539,1328,1,0,1
392725754,2017,0,0,1,1,2539,1328,1,0,1
392725754,2018,0,0,1,1,2539,1328,1,0,1
392725772,2011,1,0,0,0,3433,740,0,1,0
392725772,2012,0,0,1,0,3433,740,0,1,0
392725772,2013,0,0,1,0,3433,740,0,1,0
392725772,2014,0,0,1,0,3433,740,0,1,0
392725772,2015,0,0,1,0,3358,740,0,1,0
392725772,2016,0,0,1,0,3358,268,0,1,0
392725772,2017,0,0,1,0,3358,268,0,1,0
392725772,2018,0,0,1,0,3358,268,0,1,0
392725783,2011,0,0,0,0,3191,129,1,1,0
392725783,2012,0,0,0,0,3191,129,1,1,0
392725783,2013,1,0,0,0,3191,129,1,1,0
392725783,2014,0,0,1,0,3191,129,1,1,0
392725783,2015,0,0,1,0,3014,129,1,1,0
392725783,2016,0,0,1,0,3014,231,1,1,0
392725783,2017,0,0,1,0,3014,231,1,1,0
392725783,2018,0,0,1,0,3014,231,1,1,0
392725784,2011,0,0,0,0,2398,129,0,1,0
392725784,2012,0,0,0,0,2398,129,0,1,0
392725784,2013,0,0,0,0,2398,129,0,1,0
392725784,2014,0,0,0,0,2398,129,0,1,0
392725784,2015,1,0,0,0,2330,129,0,1,0
392725784,2016,0,0,1,0,2330,1070,0,1,0
392725784,2017,0,0,1,0,2330,1070,0,1,0
392725784,2018,0,0,1,0,2330,1070,0,1,0
392725851,2011,0,0,0,0,4090,740,0,1,0
392725851,2012,0,0,0,0,4090,740,0,1,0
392725851,2013,0,0,0,0,4090,740,0,1,0
392725851,2014,1,0,0,0,4090,740,0,1,0
392725851,2015,0,0,1,0,4423,740,0,1,0
392725851,2016,0,0,1,0,4423,1055,0,1,0
392725851,2017,0,0,1,0,4423,1055,0,1,0
392725851,2018,0,0,1,0,4423,1055,0,1,0
392725854,2011,0,0,0,0,2825,740,0,1,0
392725854,2012,0,0,0,0,2825,740,0,1,0
392725854,2013,0,0,0,0,2825,740,0,1,0
392725854,2014,0,0,0,0,2825,740,0,1,0
392725854,2015,1,0,0,0,2961,740,0,1,0
392725854,2016,0,0,1,0,2961,1205,0,1,0
392725854,2017,0,0,1,0,2961,1205,0,1,0
392725854,2018,0,0,1,0,2961,1205,0,1,0
392725861,2011,0,0,1,0,3620,740,0,1,0
392725861,2012,0,0,1,0,3620,740,0,1,0
392725861,2013,0,0,1,0,3620,740,0,1,0
392725861,2014,0,0,1,0,3620,740,0,1,0
392725861,2015,0,0,1,0,3453,740,0,1,0
392725861,2016,0,0,1,0,3453,1218,0,1,0
392725861,2017,1,0,1,0,3453,1218,0,1,0
392725861,2018,0,0,2,0,3453,1218,0,1,0
392725864,2011,0,0,0,0,1843,740,0,0,2
392725864,2012,0,0,0,0,1843,740,0,0,2
392725864,2013,0,0,0,0,1843,740,0,0,2
392725864,2014,0,0,0,0,1843,740,0,0,2
392725864,2015,0,0,0,0,1932,740,0,0,2
392725864,2016,0,1,0,0,1932,453,0,0,2
392725864,2017,0,0,0,1,1932,453,0,0,2
392725864,2018,0,1,0,1,1932,453,0,0,2
392725872,2011,0,1,0,1,2024,740,1,1,1
392725872,2012,0,0,0,2,2024,740,1,1,1
392725872,2013,1,0,0,2,2024,740,1,1,1
392725872,2014,0,0,1,2,2024,740,1,1,1
392725872,2015,0,0,1,2,2434,740,1,1,1
392725872,2016,0,0,1,2,2434,1188,1,1,1
392725872,2017,0,0,1,2,2434,1188,1,1,1
392725872,2018,0,0,1,2,2434,1188,1,1,1
392725884,2011,0,0,0,0,1526,740,1,0,1
392725884,2012,0,0,0,0,1526,740,1,0,1
392725884,2013,0,0,0,0,1526,740,1,0,1
392725884,2014,0,0,0,0,1526,740,1,0,1
392725884,2015,0,0,0,0,1297,740,1,0,1
392725884,2016,0,1,0,0,1297,196,1,0,1
392725884,2017,0,0,0,1,1297,196,1,0,1
392725884,2018,0,0,0,1,1297,196,1,0,1
392725964,2011,0,0,1,0,2916,740,2,0,2
392725964,2012,0,0,1,0,2916,631,2,0,2
392725964,2013,0,0,1,0,2916,631,2,0,2
392725964,2014,0,0,1,0,2916,631,2,0,2
392725964,2015,0,0,1,0,3019,631,2,0,2
392725964,2016,0,0,1,0,3019,683,2,0,2
392725964,2017,0,1,1,0,3019,683,2,0,2
392725964,2018,0,0,1,2,3019,683,2,0,2
392725973,2011,0,0,0,0,3159,740,0,0,1
392725973,2012,0,0,0,0,3159,497,0,0,1
392725973,2013,0,0,0,0,3159,497,0,0,1
392725973,2014,0,0,0,0,3159,497,0,0,1
392725973,2015,0,0,0,0,3214,497,0,0,1
392725973,2016,0,0,0,0,3214,563,0,0,1
392725973,2017,0,1,0,0,3214,563,0,0,1
392725973,2018,0,0,0,1,3214,563,0,0,1
392726002,2011,0,0,0,0,115,48,0,0,1
392726002,2012,0,0,0,0,115,5,0,0,1
392726002,2013,0,1,0,0,115,5,0,0,1
392726002,2014,0,0,0,1,115,5,0,0,1
392726002,2015,0,0,0,1,132,5,0,0,1
392726002,2016,0,0,0,1,132,11,0,0,1
392726002,2017,0,0,0,1,132,11,0,0,1
392726002,2018,0,0,0,1,132,11,0,0,1
392726022,2011,0,0,0,0,416,48,0,0,1
392726022,2012,0,0,0,0,416,91,0,0,1
392726022,2013,0,0,0,0,416,91,0,0,1
392726022,2014,0,0,0,0,416,91,0,0,1
392726022,2015,0,0,0,0,524,91,0,0,1
392726022,2016,0,0,0,0,524,102,0,0,1
392726022,2017,0,0,0,0,524,102,0,0,1
392726022,2018,0,1,0,0,524,102,0,0,1
392726212,2011,0,0,0,0,415,36,1,1,0
392726212,2012,0,0,0,0,415,36,1,1,0
392726212,2013,0,0,0,0,415,36,1,1,0
392726212,2014,0,0,0,0,415,36,1,1,0
392726212,2015,0,0,0,0,484,36,1,1,0
392726212,2016,1,0,0,0,484,307,1,1,0
392726212,2017,0,0,1,0,484,307,1,1,0
392726212,2018,0,0,1,0,484,307,1,1,0
392726711,2011,0,0,0,0,1503,129,1,1,0
392726711,2012,0,0,0,0,1503,578,1,1,0
392726711,2013,0,0,0,0,1503,578,1,1,0
392726711,2014,0,0,0,0,1503,578,1,1,0
392726711,2015,0,0,0,0,1593,578,1,1,0
392726711,2016,0,0,0,0,1593,630,1,1,0
392726711,2017,1,0,0,0,1593,630,1,1,0
392726711,2018,0,0,1,0,1593,630,1,1,0
392726902,2011,0,0,0,0,983,129,0,0,1
392726902,2012,0,1,0,0,983,129,0,0,1
392726902,2013,0,0,0,1,983,129,0,0,1
392726902,2014,0,0,0,1,983,129,0,0,1
392726902,2015,0,0,0,1,1109,129,0,0,1
392726902,2016,0,0,0,1,1109,1616,0,0,1
392726902,2017,0,0,0,1,1109,1616,0,0,1
392726902,2018,0,0,0,1,1109,1616,0,0,1
392726911,2011,0,0,0,1,1074,129,0,1,0
392726911,2012,0,0,0,1,1074,129,0,1,0
392726911,2013,0,0,0,1,1074,129,0,1,0
392726911,2014,0,0,0,1,1074,129,0,1,0
392726911,2015,1,0,0,1,1577,129,0,1,0
392726911,2016,0,0,1,1,1577,454,0,1,0
392726911,2017,0,0,1,1,1577,454,0,1,0
392726911,2018,0,0,1,1,1577,454,0,1,0
392735062,2011,0,0,0,0,3879,740,0,1,0
392735062,2012,0,0,0,0,3879,1570,0,1,0
392735062,2013,0,0,0,0,3879,1570,0,1,0
392735062,2014,0,0,0,0,3879,1570,0,1,0
392735062,2015,0,0,0,0,4060,1570,0,1,0
392735062,2016,0,0,0,0,4060,1066,0,1,0
392735062,2017,1,0,0,0,4060,1066,0,1,0
392735062,2018,0,0,1,0,4060,1066,0,1,0
392735071,2011,0,0,1,0,3840,740,2,1,0
392735071,2012,0,0,1,0,3840,1377,2,1,0
392735071,2013,0,0,1,0,3840,1377,2,1,0
392735071,2014,0,0,1,0,3840,1377,2,1,0
392735071,2015,0,0,1,0,3803,1377,2,1,0
392735071,2016,1,0,1,0,3803,1382,2,1,0
392735071,2017,0,0,2,0,3803,1382,2,1,0
392735071,2018,0,0,2,0,3803,1382,2,1,0
392735073,2011,0,0,0,0,4354,740,1,1,0
392735073,2012,0,0,0,0,4354,1215,1,1,0
392735073,2013,0,0,0,0,4354,1215,1,1,0
392735073,2014,0,0,0,0,4354,1215,1,1,0
392735073,2015,0,0,0,0,4576,1215,1,1,0
392735073,2016,1,0,0,0,4576,1276,1,1,0
392735073,2017,0,0,1,0,4576,1276,1,1,0
392735073,2018,0,0,1,0,4576,1276,1,1,0
392735162,2011,0,0,0,0,248,740,3,1,0
392735162,2012,0,0,0,0,248,2769,3,1,0
392735162,2013,0,0,0,0,248,2769,3,1,0
392735162,2014,0,0,0,0,248,2769,3,1,0
392735162,2015,0,0,0,0,271,2769,3,1,0
392735162,2016,1,0,0,0,271,1123,3,1,0
392735162,2017,0,0,1,0,271,1123,3,1,0
392735162,2018,0,0,1,0,271,1123,3,1,0
392735173,2011,0,0,0,0,2992,740,1,0,1
392735173,2012,0,0,0,0,2992,1283,1,0,1
392735173,2013,0,0,0,0,2992,1283,1,0,1
392735173,2014,0,0,0,0,2992,1283,1,0,1
392735173,2015,0,1,0,0,3315,1283,1,0,1
392735173,2016,0,0,0,1,3315,1407,1,0,1
392735173,2017,0,0,0,1,3315,1407,1,0,1
392735173,2018,0,0,0,1,3315,1407,1,0,1
392735183,2011,0,0,0,0,2292,398,2,0,1
392735183,2012,0,0,0,0,2292,398,2,0,1
392735183,2013,0,0,0,0,2292,398,2,0,1
392735183,2014,0,1,0,0,2292,398,2,0,1
392735183,2015,0,0,0,1,1982,398,2,0,1
392735183,2016,0,0,0,1,1982,1892,2,0,1
392735183,2017,0,0,0,1,1982,1892,2,0,1
392735183,2018,0,0,0,1,1982,1892,2,0,1
392735192,2011,0,0,1,1,2543,398,1,0,1
392735192,2012,0,0,1,1,2543,892,1,0,1
392735192,2013,0,0,1,1,2543,892,1,0,1
392735192,2014,0,0,1,1,2543,892,1,0,1
392735192,2015,0,0,1,1,2657,892,1,0,1
392735192,2016,0,0,1,1,2657,980,1,0,1
392735192,2017,0,1,1,1,2657,980,1,0,1
392735192,2018,0,0,1,2,2657,980,1,0,1
392735283,2011,0,0,0,1,1096,398,0,0,2
392735283,2012,0,0,0,1,1096,398,0,0,2
392735283,2013,0,0,0,1,1096,398,0,0,2
392735283,2014,0,0,0,1,1096,398,0,0,2
392735283,2015,0,0,0,1,1404,398,0,0,2
392735283,2016,0,1,0,1,1404,1278,0,0,2
392735283,2017,0,0,0,3,1404,1278,0,0,2
392735283,2018,0,0,0,3,1404,1278,0,0,2
392735381,2011,0,0,0,0,5,398,1,1,0
392735381,2012,0,0,0,0,5,61,1,1,0
392735381,2013,0,0,0,0,5,61,1,1,0
392735381,2014,0,0,0,0,5,61,1,1,0
392735381,2015,0,0,0,0,1,61,1,1,0
392735381,2016,0,0,0,0,1,270,1,1,0
392735381,2017,0,0,0,0,1,270,1,1,0
392735381,2018,1,0,0,0,1,270,1,1,0
392735382,2011,0,0,0,0,1291,398,0,1,0
392735382,2012,0,0,0,0,1291,653,0,1,0
392735382,2013,0,0,0,0,1291,653,0,1,0
392735382,2014,0,0,0,0,1291,653,0,1,0
392735382,2015,0,0,0,0,1430,653,0,1,0
392735382,2016,1,0,0,0,1430,885,0,1,0
392735382,2017,0,0,1,0,1430,885,0,1,0
392735382,2018,0,0,1,0,1430,885,0,1,0
392735492,2011,0,0,0,1,121,398,1,1,0
392735492,2012,0,0,0,1,121,1568,1,1,0
392735492,2013,1,0,0,1,121,1568,1,1,0
392735492,2014,0,0,1,1,121,1568,1,1,0
392735492,2015,0,0,1,1,128,1568,1,1,0
392735492,2016,0,0,1,1,128,1633,1,1,0
392735492,2017,0,0,1,1,128,1633,1,1,0
392735492,2018,0,0,1,1,128,1633,1,1,0
392736003,2011,0,0,0,0,2101,129,0,1,0
392736003,2012,0,0,0,0,2101,129,0,1,0
392736003,2013,0,0,0,0,2101,129,0,1,0
392736003,2014,0,0,0,0,2101,129,0,1,0
392736003,2015,0,0,0,0,2044,129,0,1,0
392736003,2016,0,0,0,0,2044,344,0,1,0
392736003,2017,0,0,0,0,2044,344,0,1,0
392736003,2018,1,0,0,0,2044,344,0,1,0
392736012,2011,0,0,0,1,1276,129,1,1,1
392736012,2012,0,0,0,1,1276,129,1,1,1
392736012,2013,0,0,0,1,1276,129,1,1,1
392736012,2014,0,0,0,1,1276,129,1,1,1
392736012,2015,0,1,0,1,2110,129,1,1,1
392736012,2016,1,0,0,2,2110,357,1,1,1
392736012,2017,0,0,1,2,2110,357,1,1,1
392736012,2018,0,0,1,2,2110,357,1,1,1
392736101,2011,0,0,0,0,2074,398,0,0,1
392736101,2012,0,0,0,0,2074,199,0,0,1
392736101,2013,0,0,0,0,2074,199,0,0,1
392736101,2014,0,0,0,0,2074,199,0,0,1
392736101,2015,0,0,0,0,2551,199,0,0,1
392736101,2016,0,0,0,0,2551,267,0,0,1
392736101,2017,0,0,0,0,2551,267,0,0,1
392736101,2018,0,1,0,0,2551,267,0,0,1
392736102,2011,0,0,0,1,2375,398,0,0,1
392736102,2012,0,0,0,1,2375,1063,0,0,1
392736102,2013,0,0,0,1,2375,1063,0,0,1
392736102,2014,0,1,0,1,2375,1063,0,0,1
392736102,2015,0,0,0,2,2603,1063,0,0,1
392736102,2016,0,0,0,2,2603,1664,0,0,1
392736102,2017,0,0,0,2,2603,1664,0,0,1
392736102,2018,0,0,0,2,2603,1664,0,0,1
392736111,2011,0,0,0,0,2009,129,1,1,0
392736111,2012,0,0,0,0,2009,129,1,1,0
392736111,2013,0,0,0,0,2009,129,1,1,0
392736111,2014,0,0,0,0,2009,129,1,1,0
392736111,2015,1,0,0,0,2198,129,1,1,0
392736111,2016,0,0,1,0,2198,496,1,1,0
392736111,2017,0,0,1,0,2198,496,1,1,0
392736111,2018,0,0,1,0,2198,496,1,1,0
392736323,2011,0,0,0,0,1699,129,1,0,1
392736323,2012,0,0,0,0,1699,129,1,0,1
392736323,2013,0,0,0,0,1699,129,1,0,1
392736323,2014,0,0,0,0,1699,129,1,0,1
392736323,2015,0,0,0,0,1677,129,1,0,1
392736323,2016,0,0,0,0,1677,582,1,0,1
392736323,2017,0,0,0,0,1677,582,1,0,1
392736323,2018,0,1,0,0,1677,582,1,0,1
392736353,2011,0,1,0,0,449,129,0,0,1
392736353,2012,0,0,0,1,449,137,0,0,1
392736353,2013,0,0,0,1,449,137,0,0,1
392736353,2014,0,0,0,1,449,137,0,0,1
392736353,2015,0,0,0,1,488,137,0,0,1
392736353,2016,0,0,0,1,488,122,0,0,1
392736353,2017,0,0,0,1,488,122,0,0,1
392736353,2018,0,0,0,1,488,122,0,0,1
392736412,2011,0,0,0,0,1951,398,0,1,0
392736412,2012,1,0,0,0,1951,292,0,1,0
392736412,2013,0,0,1,0,1951,292,0,1,0
392736412,2014,0,0,1,0,1951,292,0,1,0
392736412,2015,0,0,1,0,1890,292,0,1,0
392736412,2016,0,0,1,0,1890,262,0,1,0
392736412,2017,0,0,1,0,1890,262,0,1,0
392736412,2018,0,0,1,0,1890,262,0,1,0
392736504,2011,0,0,0,1,694,129,0,1,0
392736504,2012,0,0,0,1,694,129,0,1,0
392736504,2013,0,0,0,1,694,129,0,1,0
392736504,2014,0,0,0,1,694,129,0,1,0
392736504,2015,0,0,0,1,762,129,0,1,0
392736504,2016,0,0,0,1,762,369,0,1,0
392736504,2017,0,0,0,1,762,369,0,1,0
392736504,2018,1,0,0,1,762,369,0,1,0
392736631,2011,0,0,0,0,275,129,1,2,0
392736631,2012,0,0,0,0,275,81,1,2,0
392736631,2013,0,0,0,0,275,81,1,2,0
392736631,2014,0,0,0,0,275,81,1,2,0
392736631,2015,1,0,0,0,374,81,1,2,0
392736631,2016,1,0,1,0,374,209,1,2,0
392736631,2017,0,0,2,0,374,209,1,2,0
392736631,2018,0,0,2,0,374,209,1,2,0
392736653,2011,0,0,0,0,843,129,0,1,0
392736653,2012,0,0,0,0,843,129,0,1,0
392736653,2013,0,0,0,0,843,129,0,1,0
392736653,2014,0,0,0,0,843,129,0,1,0
392736653,2015,0,0,0,0,982,129,0,1,0
392736653,2016,1,0,0,0,982,488,0,1,0
392736653,2017,0,0,1,0,982,488,0,1,0
392736653,2018,0,0,1,0,982,488,0,1,0
392736751,2011,0,0,0,0,1058,251,0,1,0
392736751,2012,0,0,0,0,1058,692,0,1,0
392736751,2013,1,0,0,0,1058,692,0,1,0
392736751,2014,0,0,1,0,1058,692,0,1,0
392736751,2015,0,0,1,0,1273,692,0,1,0
392736751,2016,0,0,1,0,1273,706,0,1,0
392736751,2017,0,0,1,0,1273,706,0,1,0
392736751,2018,0,0,1,0,1273,706,0,1,0
392736802,2011,1,0,0,0,545,129,0,1,1
392736802,2012,0,0,1,0,545,1129,0,1,1
392736802,2013,0,0,1,0,545,1129,0,1,1
392736802,2014,0,1,1,0,545,1129,0,1,1
392736802,2015,0,0,1,1,967,1129,0,1,1
392736802,2016,0,0,1,1,967,1602,0,1,1
392736802,2017,0,0,1,1,967,1602,0,1,1
392736802,2018,0,0,1,1,967,1602,0,1,1
392736804,2011,0,0,0,0,269,129,0,1,0
392736804,2012,0,0,0,0,269,159,0,1,0
392736804,2013,1,0,0,0,269,159,0,1,0
392736804,2014,0,0,1,0,269,159,0,1,0
392736804,2015,0,0,1,0,406,159,0,1,0
392736804,2016,0,0,1,0,406,564,0,1,0
392736804,2017,0,0,1,0,406,564,0,1,0
392736804,2018,0,0,1,0,406,564,0,1,0
392736814,2011,0,0,0,0,2531,129,1,1,0
392736814,2012,0,0,0,0,2531,449,1,1,0
392736814,2013,0,0,0,0,2531,449,1,1,0
392736814,2014,0,0,0,0,2531,449,1,1,0
392736814,2015,0,0,0,0,2476,449,1,1,0
392736814,2016,1,0,0,0,2476,473,1,1,0
392736814,2017,0,0,1,0,2476,473,1,1,0
392736814,2018,0,0,1,0,2476,473,1,1,0
392736824,2011,0,0,0,0,2466,129,0,1,0
392736824,2012,0,0,0,0,2466,129,0,1,0
392736824,2013,1,0,0,0,2466,129,0,1,0
392736824,2014,0,0,1,0,2466,129,0,1,0
392736824,2015,0,0,1,0,2449,129,0,1,0
392736824,2016,0,0,1,0,2449,227,0,1,0
392736824,2017,0,0,1,0,2449,227,0,1,0
392736824,2018,0,0,1,0,2449,227,0,1,0
392736841,2011,0,0,0,0,1177,129,1,1,0
392736841,2012,0,0,0,0,1177,129,1,1,0
392736841,2013,0,0,0,0,1177,129,1,1,0
392736841,2014,0,0,0,0,1177,129,1,1,0
392736841,2015,0,0,0,0,1238,129,1,1,0
392736841,2016,1,0,0,0,1238,314,1,1,0
392736841,2017,0,0,1,0,1238,314,1,1,0
392736841,2018,0,0,1,0,1238,314,1,1,0
392736844,2011,0,0,0,0,1225,129,0,1,0
392736844,2012,0,0,0,0,1225,129,0,1,0
392736844,2013,0,0,0,0,1225,129,0,1,0
392736844,2014,0,0,0,0,1225,129,0,1,0
392736844,2015,0,0,0,0,1103,129,0,1,0
392736844,2016,1,0,0,0,1103,432,0,1,0
392736844,2017,0,0,1,0,1103,432,0,1,0
392736844,2018,0,0,1,0,1103,432,0,1,0
392736861,2011,0,0,0,1,2725,251,1,1,0
392736861,2012,0,0,0,1,2725,733,1,1,0
392736861,2013,0,0,0,1,2725,733,1,1,0
392736861,2014,0,0,0,1,2725,733,1,1,0
392736861,2015,1,0,0,1,2927,733,1,1,0
392736861,2016,0,0,1,1,2927,868,1,1,0
392736861,2017,0,0,1,1,2927,868,1,1,0
392736861,2018,0,0,1,1,2927,868,1,1,0
392736863,2011,0,0,0,0,1727,251,1,1,0
392736863,2012,1,0,0,0,1727,701,1,1,0
392736863,2013,0,0,1,0,1727,701,1,1,0
392736863,2014,0,0,1,0,1727,701,1,1,0
392736863,2015,0,0,1,0,1760,701,1,1,0
392736863,2016,0,0,1,0,1760,810,1,1,0
392736863,2017,0,0,1,0,1760,810,1,1,0
392736863,2018,0,0,1,0,1760,810,1,1,0
392736864,2011,0,0,0,0,991,251,2,1,0
392736864,2012,0,0,0,0,991,489,2,1,0
392736864,2013,0,0,0,0,991,489,2,1,0
392736864,2014,0,0,0,0,991,489,2,1,0
392736864,2015,0,0,0,0,1062,489,2,1,0
392736864,2016,0,0,0,0,1062,466,2,1,0
392736864,2017,0,0,0,0,1062,466,2,1,0
392736864,2018,1,0,0,0,1062,466,2,1,0
392736902,2011,0,0,0,0,5,129,0,0,1
392736902,2012,0,0,0,0,5,3,0,0,1
392736902,2013,0,0,0,0,5,3,0,0,1
392736902,2014,0,0,0,0,5,3,0,0,1
392736902,2015,0,0,0,0,77,3,0,0,1
392736902,2016,0,0,0,0,77,2,0,0,1
392736902,2017,0,0,0,0,77,2,0,0,1
392736902,2018,0,1,0,0,77,2,0,0,1
392736922,2011,0,0,0,1,1462,129,2,1,0
392736922,2012,0,0,0,1,1462,129,2,1,0
392736922,2013,0,0,0,1,1462,129,2,1,0
392736922,2014,1,0,0,1,1462,129,2,1,0
392736922,2015,0,0,1,1,1528,129,2,1,0
392736922,2016,0,0,1,1,1528,775,2,1,0
392736922,2017,0,0,1,1,1528,775,2,1,0
392736922,2018,0,0,1,1,1528,775,2,1,0
392736931,2011,0,0,0,0,1847,129,1,0,1
392736931,2012,0,0,0,0,1847,129,1,0,1
392736931,2013,0,0,0,0,1847,129,1,0,1
392736931,2014,0,1,0,0,1847,129,1,0,1
392736931,2015,0,0,0,1,1959,129,1,0,1
392736931,2016,0,0,0,1,1959,430,1,0,1
392736931,2017,0,0,0,1,1959,430,1,0,1
392736931,2018,0,0,0,1,1959,430,1,0,1
392736943,2011,0,0,0,0,2691,129,0,0,1
392736943,2012,0,0,0,0,2691,129,0,0,1
392736943,2013,0,0,0,0,2691,129,0,0,1
392736943,2014,0,0,0,0,2691,129,0,0,1
392736943,2015,0,0,0,0,2819,129,0,0,1
392736943,2016,0,0,0,0,2819,213,0,0,1
392736943,2017,0,1,0,0,2819,213,0,0,1
392736943,2018,0,0,0,1,2819,213,0,0,1
392736944,2011,0,0,0,0,1982,129,0,0,1
392736944,2012,0,0,0,0,1982,129,0,0,1
392736944,2013,0,0,0,0,1982,129,0,0,1
392736944,2014,0,0,0,0,1982,129,0,0,1
392736944,2015,0,0,0,0,1994,129,0,0,1
392736944,2016,0,0,0,0,1994,339,0,0,1
392736944,2017,0,1,0,0,1994,339,0,0,1
392736944,2018,0,0,0,1,1994,339,0,0,1
392736961,2011,0,0,0,0,1252,251,0,0,1
392736961,2012,0,0,0,0,1252,113,0,0,1
392736961,2013,0,0,0,0,1252,113,0,0,1
392736961,2014,0,0,0,0,1252,113,0,0,1
392736961,2015,0,0,0,0,1517,113,0,0,1
392736961,2016,0,0,0,0,1517,100,0,0,1
392736961,2017,0,0,0,0,1517,100,0,0,1
392736961,2018,0,1,0,0,1517,100,0,0,1
392736964,2011,0,0,1,1,2263,251,0,0,1
392736964,2012,0,0,1,1,2263,375,0,0,1
392736964,2013,0,0,1,1,2263,375,0,0,1
392736964,2014,0,0,1,1,2263,375,0,0,1
392736964,2015,0,0,1,1,2644,375,0,0,1
392736964,2016,0,1,1,1,2644,312,0,0,1
392736964,2017,0,0,1,2,2644,312,0,0,1
392736964,2018,0,0,1,2,2644,312,0,0,1
392737903,2011,0,0,0,0,341,102,0,1,0
392737903,2012,0,0,0,0,341,7,0,1,0
392737903,2013,0,0,0,0,341,7,0,1,0
392737903,2014,0,0,0,0,341,7,0,1,0
392737903,2015,1,0,0,0,284,7,0,1,0
392737903,2016,0,0,1,0,284,10,0,1,0
392737903,2017,0,0,1,0,284,10,0,1,0
392737903,2018,0,0,1,0,284,10,0,1,0
392737911,2011,0,0,0,0,1488,102,1,1,1
392737911,2012,0,0,0,0,1488,316,1,1,1
392737911,2013,0,1,0,0,1488,316,1,1,1
392737911,2014,0,0,0,1,1488,316,1,1,1
392737911,2015,0,0,0,1,1499,316,1,1,1
392737911,2016,0,0,0,1,1499,341,1,1,1
392737911,2017,1,0,0,1,1499,341,1,1,1
392737911,2018,0,0,1,1,1499,341,1,1,1
392737912,2011,0,0,0,0,252,102,0,0,1
392737912,2012,0,0,0,0,252,24,0,0,1
392737912,2013,0,0,0,0,252,24,0,0,1
392737912,2014,0,0,0,0,252,24,0,0,1
392737912,2015,0,0,0,0,291,24,0,0,1
392737912,2016,0,1,0,0,291,15,0,0,1
392737912,2017,0,0,0,1,291,15,0,0,1
392737912,2018,0,0,0,1,291,15,0,0,1
392745494,2011,0,0,0,0,1034,129,1,1,0
392745494,2012,0,0,0,0,1034,157,1,1,0
392745494,2013,0,0,0,0,1034,157,1,1,0
392745494,2014,0,0,0,0,1034,157,1,1,0
392745494,2015,0,0,0,0,1095,157,1,1,0
392745494,2016,1,0,0,0,1095,189,1,1,0
392745494,2017,0,0,1,0,1095,189,1,1,0
392745494,2018,0,0,1,0,1095,189,1,1,0
392745683,2011,1,0,0,0,1419,129,1,1,0
392745683,2012,0,0,1,0,1419,295,1,1,0
392745683,2013,0,0,1,0,1419,295,1,1,0
392745683,2014,0,0,1,0,1419,295,1,1,0
392745683,2015,0,0,1,0,1377,295,1,1,0
392745683,2016,0,0,1,0,1377,368,1,1,0
392745683,2017,0,0,1,0,1377,368,1,1,0
392745683,2018,0,0,1,0,1377,368,1,1,0
392745894,2011,0,0,0,0,253,129,0,1,0
392745894,2012,0,0,0,0,253,53,0,1,0
392745894,2013,0,0,0,0,253,53,0,1,0
392745894,2014,0,0,0,0,253,53,0,1,0
392745894,2015,0,0,0,0,289,53,0,1,0
392745894,2016,1,0,0,0,289,69,0,1,0
392745894,2017,0,0,1,0,289,69,0,1,0
392745894,2018,0,0,1,0,289,69,0,1,0
392745993,2011,0,0,0,0,26,10,0,0,1
392745993,2012,0,0,0,0,26,10,0,0,1
392745993,2013,0,0,0,0,26,10,0,0,1
392745993,2014,0,0,0,0,26,10,0,0,1
392745993,2015,0,0,0,0,23,10,0,0,1
392745993,2016,0,0,0,0,23,30,0,0,1
392745993,2017,0,1,0,0,23,30,0,0,1
392745993,2018,0,0,0,1,23,30,0,0,1
392746041,2011,0,0,0,0,2291,251,0,1,1
392746041,2012,0,0,0,0,2291,1356,0,1,1
392746041,2013,0,0,0,0,2291,1356,0,1,1
392746041,2014,0,0,0,0,2291,1356,0,1,1
392746041,2015,0,1,0,0,2496,1356,0,1,1
392746041,2016,0,0,0,1,2496,1277,0,1,1
392746041,2017,0,0,0,1,2496,1277,0,1,1
392746041,2018,1,0,0,1,2496,1277,0,1,1
392746054,2011,0,0,0,0,2320,251,2,1,0
392746054,2012,0,0,0,0,2320,454,2,1,0
392746054,2013,0,0,0,0,2320,454,2,1,0
392746054,2014,0,0,0,0,2320,454,2,1,0
392746054,2015,0,0,0,0,2690,454,2,1,0
392746054,2016,1,0,0,0,2690,470,2,1,0
392746054,2017,0,0,1,0,2690,470,2,1,0
392746054,2018,0,0,1,0,2690,470,2,1,0
392746063,2011,0,0,0,0,1381,102,1,1,1
392746063,2012,0,0,0,0,1381,102,1,1,1
392746063,2013,0,0,0,0,1381,102,1,1,1
392746063,2014,0,0,0,0,1381,102,1,1,1
392746063,2015,1,1,0,0,1786,102,1,1,1
392746063,2016,0,0,1,1,1786,178,1,1,1
392746063,2017,0,0,1,1,1786,178,1,1,1
392746063,2018,0,0,1,1,1786,178,1,1,1
392746142,2011,0,0,0,0,1231,251,0,0,1
392746142,2012,0,0,0,0,1231,64,0,0,1
392746142,2013,0,0,0,0,1231,64,0,0,1
392746142,2014,0,0,0,0,1231,64,0,0,1
392746142,2015,0,0,0,0,1257,64,0,0,1
392746142,2016,0,1,0,0,1257,95,0,0,1
392746142,2017,0,0,0,1,1257,95,0,0,1
392746142,2018,0,0,0,1,1257,95,0,0,1
392746143,2011,0,0,0,0,513,251,0,0,1
392746143,2012,0,0,0,0,513,236,0,0,1
392746143,2013,0,0,0,0,513,236,0,0,1
392746143,2014,0,0,0,0,513,236,0,0,1
392746143,2015,0,0,0,0,604,236,0,0,1
392746143,2016,0,0,0,0,604,216,0,0,1
392746143,2017,0,1,0,0,604,216,0,0,1
392746143,2018,0,0,0,1,604,216,0,0,1
392746151,2011,0,0,0,0,1768,251,0,1,0
392746151,2012,1,0,0,0,1768,624,0,1,0
392746151,2013,0,0,1,0,1768,624,0,1,0
392746151,2014,0,0,1,0,1768,624,0,1,0
392746151,2015,0,0,1,0,2010,624,0,1,0
392746151,2016,0,0,1,0,2010,815,0,1,0
392746151,2017,0,0,1,0,2010,815,0,1,0
392746151,2018,0,0,1,0,2010,815,0,1,0
392746152,2011,0,0,0,0,2049,251,2,1,0
392746152,2012,0,0,0,0,2049,865,2,1,0
392746152,2013,0,0,0,0,2049,865,2,1,0
392746152,2014,0,0,0,0,2049,865,2,1,0
392746152,2015,0,0,0,0,2165,865,2,1,0
392746152,2016,0,0,0,0,2165,1015,2,1,0
392746152,2017,0,0,0,0,2165,1015,2,1,0
392746152,2018,1,0,0,0,2165,1015,2,1,0
392746154,2011,0,0,1,1,1928,251,0,1,0
392746154,2012,0,0,1,1,1928,1047,0,1,0
392746154,2013,0,0,1,1,1928,1047,0,1,0
392746154,2014,0,0,1,1,1928,1047,0,1,0
392746154,2015,1,0,1,1,2096,1047,0,1,0
392746154,2016,0,0,2,1,2096,933,0,1,0
392746154,2017,0,0,2,1,2096,933,0,1,0
392746154,2018,0,0,2,1,2096,933,0,1,0
392746161,2011,0,0,1,0,2304,102,0,1,0
392746161,2012,0,0,1,0,2304,102,0,1,0
392746161,2013,1,0,1,0,2304,102,0,1,0
392746161,2014,0,0,2,0,2304,102,0,1,0
392746161,2015,0,0,2,0,2545,102,0,1,0
392746161,2016,0,0,2,0,2545,442,0,1,0
392746161,2017,0,0,2,0,2545,442,0,1,0
392746161,2018,0,0,2,0,2545,442,0,1,0
392746164,2011,0,0,0,0,883,102,0,0,1
392746164,2012,0,0,0,0,883,102,0,0,1
392746164,2013,0,0,0,0,883,102,0,0,1
392746164,2014,0,0,0,0,883,102,0,0,1
392746164,2015,0,0,0,0,1117,102,0,0,1
392746164,2016,0,1,0,0,1117,545,0,0,1
392746164,2017,0,0,0,1,1117,545,0,0,1
392746164,2018,0,0,0,1,1117,545,0,0,1
392746184,2011,0,0,0,0,921,102,0,0,1
392746184,2012,0,0,0,0,921,48,0,0,1
392746184,2013,0,0,0,0,921,48,0,0,1
392746184,2014,0,0,0,0,921,48,0,0,1
392746184,2015,0,0,0,0,1110,48,0,0,1
392746184,2016,0,0,0,0,1110,52,0,0,1
392746184,2017,0,1,0,0,1110,52,0,0,1
392746184,2018,0,0,0,1,1110,52,0,0,1
392746242,2011,0,0,0,0,1422,251,0,1,0
392746242,2012,0,0,0,0,1422,282,0,1,0
392746242,2013,1,0,0,0,1422,282,0,1,0
392746242,2014,0,0,1,0,1422,282,0,1,0
392746242,2015,0,0,1,0,1469,282,0,1,0
392746242,2016,0,0,1,0,1469,331,0,1,0
392746242,2017,0,0,1,0,1469,331,0,1,0
392746242,2018,0,0,1,0,1469,331,0,1,0
392746244,2011,1,0,0,1,653,251,0,1,0
392746244,2012,0,0,1,1,653,602,0,1,0
392746244,2013,0,0,1,1,653,602,0,1,0
392746244,2014,0,0,1,1,653,602,0,1,0
392746244,2015,0,0,1,1,796,602,0,1,0
392746244,2016,0,0,1,1,796,727,0,1,0
392746244,2017,0,0,1,1,796,727,0,1,0
392746244,2018,0,0,1,1,796,727,0,1,0
392746251,2011,0,0,0,0,1071,102,0,1,1
392746251,2012,0,0,0,0,1071,102,0,1,1
392746251,2013,0,0,0,0,1071,102,0,1,1
392746251,2014,0,0,0,0,1071,102,0,1,1
392746251,2015,1,0,0,0,1030,102,0,1,1
392746251,2016,0,0,1,0,1030,545,0,1,1
392746251,2017,0,0,1,0,1030,545,0,1,1
392746251,2018,0,1,1,0,1030,545,0,1,1
392746253,2011,0,0,0,1,2201,102,1,1,0
392746253,2012,0,0,0,1,2201,102,1,1,0
392746253,2013,0,0,0,1,2201,102,1,1,0
392746253,2014,0,0,0,1,2201,102,1,1,0
392746253,2015,1,0,0,1,2295,102,1,1,0
392746253,2016,0,0,1,1,2295,435,1,1,0
392746253,2017,0,0,1,1,2295,435,1,1,0
392746253,2018,0,0,1,1,2295,435,1,1,0
392746263,2011,0,0,0,1,1237,102,0,1,2
392746263,2012,0,0,0,1,1237,102,0,1,2
392746263,2013,1,0,0,1,1237,102,0,1,2
392746263,2014,0,0,1,1,1237,102,0,1,2
392746263,2015,0,1,1,1,1237,102,0,1,2
392746263,2016,0,0,1,3,1237,539,0,1,2
392746263,2017,0,0,1,3,1237,539,0,1,2
392746263,2018,0,0,1,3,1237,539,0,1,2
392746353,2011,0,0,0,0,639,102,1,2,0
392746353,2012,0,0,0,0,639,102,1,2,0
392746353,2013,0,0,0,0,639,102,1,2,0
392746353,2014,0,0,0,0,639,102,1,2,0
392746353,2015,1,0,0,0,712,102,1,2,0
392746353,2016,1,0,1,0,712,2038,1,2,0
392746353,2017,0,0,2,0,712,2038,1,2,0
392746353,2018,0,0,2,0,712,2038,1,2,0
392746354,2011,0,0,1,0,1019,102,0,0,1
392746354,2012,0,0,1,0,1019,102,0,0,1
392746354,2013,0,0,1,0,1019,102,0,0,1
392746354,2014,0,0,1,0,1019,102,0,0,1
392746354,2015,0,0,1,0,1004,102,0,0,1
392746354,2016,0,1,1,0,1004,395,0,0,1
392746354,2017,0,0,1,1,1004,395,0,0,1
392746354,2018,0,0,1,1,1004,395,0,0,1
392746363,2011,0,0,0,0,843,102,1,1,0
392746363,2012,0,0,0,0,843,102,1,1,0
392746363,2013,0,0,0,0,843,102,1,1,0
392746363,2014,0,0,0,0,843,102,1,1,0
392746363,2015,0,0,0,0,933,102,1,1,0
392746363,2016,1,0,0,0,933,69,1,1,0
392746363,2017,0,0,1,0,933,69,1,1,0
392746363,2018,0,0,1,0,933,69,1,1,0
392746371,2011,0,0,0,0,1254,102,0,1,0
392746371,2012,0,0,0,0,1254,228,0,1,0
392746371,2013,0,0,0,0,1254,228,0,1,0
392746371,2014,0,0,0,0,1254,228,0,1,0
392746371,2015,0,0,0,0,1213,228,0,1,0
392746371,2016,0,0,0,0,1213,305,0,1,0
392746371,2017,0,0,0,0,1213,305,0,1,0
392746371,2018,1,0,0,0,1213,305,0,1,0
392746372,2011,0,0,0,0,1849,102,0,1,0
392746372,2012,0,0,0,0,1849,286,0,1,0
392746372,2013,0,0,0,0,1849,286,0,1,0
392746372,2014,0,0,0,0,1849,286,0,1,0
392746372,2015,1,0,0,0,1970,286,0,1,0
392746372,2016,0,0,1,0,1970,290,0,1,0
392746372,2017,0,0,1,0,1970,290,0,1,0
392746372,2018,0,0,1,0,1970,290,0,1,0
392746451,2011,0,0,0,0,605,251,1,0,1
392746451,2012,0,0,0,0,605,597,1,0,1
392746451,2013,0,0,0,0,605,597,1,0,1
392746451,2014,0,0,0,0,605,597,1,0,1
392746451,2015,0,0,0,0,653,597,1,0,1
392746451,2016,0,0,0,0,653,584,1,0,1
392746451,2017,0,0,0,0,653,584,1,0,1
392746451,2018,0,1,0,0,653,584,1,0,1
392746463,2011,0,0,0,0,263,102,0,1,0
392746463,2012,0,0,0,0,263,102,0,1,0
392746463,2013,0,0,0,0,263,102,0,1,0
392746463,2014,1,0,0,0,263,102,0,1,0
392746463,2015,0,0,1,0,304,102,0,1,0
392746463,2016,0,0,1,0,304,166,0,1,0
392746463,2017,0,0,1,0,304,166,0,1,0
392746463,2018,0,0,1,0,304,166,0,1,0
392746482,2011,0,0,0,0,1570,102,0,1,0
392746482,2012,0,0,0,0,1570,128,0,1,0
392746482,2013,0,0,0,0,1570,128,0,1,0
392746482,2014,0,0,0,0,1570,128,0,1,0
392746482,2015,1,0,0,0,1716,128,0,1,0
392746482,2016,0,0,1,0,1716,137,0,1,0
392746482,2017,0,0,1,0,1716,137,0,1,0
392746482,2018,0,0,1,0,1716,137,0,1,0
392746484,2011,0,0,0,0,1169,102,3,0,1
392746484,2012,0,0,0,0,1169,523,3,0,1
392746484,2013,0,0,0,0,1169,523,3,0,1
392746484,2014,0,1,0,0,1169,523,3,0,1
392746484,2015,0,0,0,1,1109,523,3,0,1
392746484,2016,0,0,0,1,1109,604,3,0,1
392746484,2017,0,0,0,1,1109,604,3,0,1
392746484,2018,0,0,0,1,1109,604,3,0,1
392746491,2011,0,0,0,0,1079,102,0,0,1
392746491,2012,0,0,0,0,1079,164,0,0,1
392746491,2013,0,0,0,0,1079,164,0,0,1
392746491,2014,0,0,0,0,1079,164,0,0,1
392746491,2015,0,0,0,0,1078,164,0,0,1
392746491,2016,0,1,0,0,1078,128,0,0,1
392746491,2017,0,0,0,1,1078,128,0,0,1
392746491,2018,0,0,0,1,1078,128,0,0,1
392746573,2011,0,0,0,0,335,102,0,0,1
392746573,2012,0,0,0,0,335,118,0,0,1
392746573,2013,0,0,0,0,335,118,0,0,1
392746573,2014,0,0,0,0,335,118,0,0,1
392746573,2015,0,0,0,0,344,118,0,0,1
392746573,2016,0,0,0,0,344,150,0,0,1
392746573,2017,0,0,0,0,344,150,0,0,1
392746573,2018,0,1,0,0,344,150,0,0,1
392746581,2011,0,0,1,1,1895,102,0,1,0
392746581,2012,0,0,1,1,1895,1051,0,1,0
392746581,2013,0,0,1,1,1895,1051,0,1,0
392746581,2014,0,0,1,1,1895,1051,0,1,0
392746581,2015,0,0,1,1,2037,1051,0,1,0
392746581,2016,1,0,1,1,2037,1101,0,1,0
392746581,2017,0,0,2,1,2037,1101,0,1,0
392746581,2018,0,0,2,1,2037,1101,0,1,0
392746583,2011,0,0,1,0,1078,102,0,1,0
392746583,2012,0,0,1,0,1078,434,0,1,0
392746583,2013,1,0,1,0,1078,434,0,1,0
392746583,2014,0,0,2,0,1078,434,0,1,0
392746583,2015,0,0,2,0,1195,434,0,1,0
392746583,2016,0,0,2,0,1195,347,0,1,0
392746583,2017,0,0,2,0,1195,347,0,1,0
392746583,2018,0,0,2,0,1195,347,0,1,0
392746591,2011,0,0,0,0,617,102,0,0,1
392746591,2012,0,0,0,0,617,45,0,0,1
392746591,2013,0,0,0,0,617,45,0,0,1
392746591,2014,0,0,0,0,617,45,0,0,1
392746591,2015,0,1,0,0,660,45,0,0,1
392746591,2016,0,0,0,1,660,63,0,0,1
392746591,2017,0,0,0,1,660,63,0,0,1
392746591,2018,0,0,0,1,660,63,0,0,1
392746661,2011,0,0,1,1,586,102,0,1,0
392746661,2012,1,0,1,1,586,102,0,1,0
392746661,2013,0,0,2,1,586,102,0,1,0
392746661,2014,0,0,2,1,586,102,0,1,0
392746661,2015,0,0,2,1,742,102,0,1,0
392746661,2016,0,0,2,1,742,377,0,1,0
392746661,2017,0,0,2,1,742,377,0,1,0
392746661,2018,0,0,2,1,742,377,0,1,0
392746761,2011,0,0,0,0,241,102,0,0,1
392746761,2012,0,0,0,0,241,102,0,0,1
392746761,2013,0,0,0,0,241,102,0,0,1
392746761,2014,0,0,0,0,241,102,0,0,1
392746761,2015,0,0,0,0,263,102,0,0,1
392746761,2016,0,1,0,0,263,60,0,0,1
392746761,2017,0,0,0,1,263,60,0,0,1
392746761,2018,0,0,0,1,263,60,0,0,1
392746954,2011,0,0,0,0,1461,102,0,1,1
392746954,2012,0,0,0,0,1461,146,0,1,1
392746954,2013,1,0,0,0,1461,146,0,1,1
392746954,2014,0,0,1,0,1461,146,0,1,1
392746954,2015,0,0,1,0,1593,146,0,1,1
392746954,2016,0,0,1,0,1593,131,0,1,1
392746954,2017,0,0,1,0,1593,131,0,1,1
392746954,2018,0,1,1,0,1593,131,0,1,1
392746961,2011,0,0,0,0,812,102,1,1,0
392746961,2012,0,0,0,0,812,290,1,1,0
392746961,2013,0,0,0,0,812,290,1,1,0
392746961,2014,0,0,0,0,812,290,1,1,0
392746961,2015,0,0,0,0,857,290,1,1,0
392746961,2016,1,0,0,0,857,181,1,1,0
392746961,2017,0,0,1,0,857,181,1,1,0
392746961,2018,0,0,1,0,857,181,1,1,0
392747102,2011,0,0,0,0,261,102,0,0,1
392747102,2012,0,0,0,0,261,33,0,0,1
392747102,2013,0,0,0,0,261,33,0,0,1
392747102,2014,0,0,0,0,261,33,0,0,1
392747102,2015,0,0,0,0,223,33,0,0,1
392747102,2016,0,1,0,0,223,6,0,0,1
392747102,2017,0,0,0,1,223,6,0,0,1
392747102,2018,0,0,0,1,223,6,0,0,1
392756161,2011,0,0,0,0,1019,102,1,0,1
392756161,2012,0,1,0,0,1019,533,1,0,1
392756161,2013,0,0,0,1,1019,533,1,0,1
392756161,2014,0,0,0,1,1019,533,1,0,1
392756161,2015,0,0,0,1,998,533,1,0,1
392756161,2016,0,0,0,1,998,622,1,0,1
392756161,2017,0,0,0,1,998,622,1,0,1
392756161,2018,0,0,0,1,998,622,1,0,1
392756252,2011,1,0,0,0,10,10,0,1,0
392756252,2012,0,0,1,0,10,10,0,1,0
392756252,2013,0,0,1,0,10,10,0,1,0
392756252,2014,0,0,1,0,10,10,0,1,0
392756252,2015,0,0,1,0,79,10,0,1,0
392756252,2016,0,0,1,0,79,108,0,1,0
392756252,2017,0,0,1,0,79,108,0,1,0
392756252,2018,0,0,1,0,79,108,0,1,0
392756261,2011,0,0,0,0,373,102,0,0,1
392756261,2012,0,0,0,0,373,202,0,0,1
392756261,2013,0,0,0,0,373,202,0,0,1
392756261,2014,0,0,0,0,373,202,0,0,1
392756261,2015,0,0,0,0,319,202,0,0,1
392756261,2016,0,0,0,0,319,180,0,0,1
392756261,2017,0,1,0,0,319,180,0,0,1
392756261,2018,0,0,0,1,319,180,0,0,1
392757913,2011,0,0,0,0,51,10,0,0,1
392757913,2012,0,0,0,0,51,4,0,0,1
392757913,2013,0,0,0,0,51,4,0,0,1
392757913,2014,0,1,0,0,51,4,0,0,1
392757913,2015,0,0,0,1,44,4,0,0,1
392757913,2016,0,0,0,1,44,3,0,0,1
392757913,2017,0,0,0,1,44,3,0,0,1
392757913,2018,0,0,0,1,44,3,0,0,1
392767343,2011,0,0,0,1,78,10,0,0,1
392767343,2012,0,0,0,1,78,10,0,0,1
392767343,2013,0,0,0,1,78,10,0,0,1
392767343,2014,0,0,0,1,78,10,0,0,1
392767343,2015,0,0,0,1,92,10,0,0,1
392767343,2016,0,0,0,1,92,14,0,0,1
392767343,2017,0,0,0,1,92,14,0,0,1
392767343,2018,0,1,0,1,92,14,0,0,1
392777083,2011,0,0,0,0,715,31,1,1,0
392777083,2012,0,0,0,0,715,656,1,1,0
392777083,2013,0,0,0,0,715,656,1,1,0
392777083,2014,0,0,0,0,715,656,1,1,0
392777083,2015,0,0,0,0,656,656,1,1,0
392777083,2016,1,0,0,0,656,744,1,1,0
392777083,2017,0,0,1,0,656,744,1,1,0
392777083,2018,0,0,1,0,656,744,1,1,0
392777084,2011,0,0,0,1,1907,31,1,1,0
392777084,2012,0,0,0,1,1907,1893,1,1,0
392777084,2013,0,0,0,1,1907,1893,1,1,0
392777084,2014,1,0,0,1,1907,1893,1,1,0
392777084,2015,0,0,1,1,1948,1893,1,1,0
392777084,2016,0,0,1,1,1948,1715,1,1,0
392777084,2017,0,0,1,1,1948,1715,1,1,0
392777084,2018,0,0,1,1,1948,1715,1,1,0
392777173,2011,0,0,0,0,1487,31,0,1,1
392777173,2012,0,0,0,0,1487,509,0,1,1
392777173,2013,1,0,0,0,1487,509,0,1,1
392777173,2014,0,0,1,0,1487,509,0,1,1
392777173,2015,0,0,1,0,1710,509,0,1,1
392777173,2016,0,1,1,0,1710,548,0,1,1
392777173,2017,0,0,1,1,1710,548,0,1,1
392777173,2018,0,0,1,1,1710,548,0,1,1
392777184,2011,0,0,0,0,1053,31,0,0,1
392777184,2012,0,0,0,0,1053,279,0,0,1
392777184,2013,0,0,0,0,1053,279,0,0,1
392777184,2014,0,0,0,0,1053,279,0,0,1
392777184,2015,0,0,0,0,1230,279,0,0,1
392777184,2016,0,0,0,0,1230,282,0,0,1
392777184,2017,0,0,0,0,1230,282,0,0,1
392777184,2018,0,1,0,0,1230,282,0,0,1
392777264,2011,0,1,0,0,114,31,0,0,1
392777264,2012,0,0,0,1,114,105,0,0,1
392777264,2013,0,0,0,1,114,105,0,0,1
392777264,2014,0,0,0,1,114,105,0,0,1
392777264,2015,0,0,0,1,234,105,0,0,1
392777264,2016,0,0,0,1,234,104,0,0,1
392777264,2017,0,0,0,1,234,104,0,0,1
392777264,2018,0,0,0,1,234,104,0,0,1
392777273,2011,0,0,0,0,766,31,1,1,0
392777273,2012,0,0,0,0,766,880,1,1,0
392777273,2013,0,0,0,0,766,880,1,1,0
392777273,2014,0,0,0,0,766,880,1,1,0
392777273,2015,1,0,0,0,870,880,1,1,0
392777273,2016,0,0,1,0,870,1352,1,1,0
392777273,2017,0,0,1,0,870,1352,1,1,0
392777273,2018,0,0,1,0,870,1352,1,1,0
392777281,2011,0,0,0,0,1451,31,3,1,0
392777281,2012,0,0,0,0,1451,500,3,1,0
392777281,2013,1,0,0,0,1451,500,3,1,0
392777281,2014,0,0,1,0,1451,500,3,1,0
392777281,2015,0,0,1,0,1395,500,3,1,0
392777281,2016,0,0,1,0,1395,685,3,1,0
392777281,2017,0,0,1,0,1395,685,3,1,0
392777281,2018,0,0,1,0,1395,685,3,1,0
392777282,2011,0,0,0,0,956,31,0,0,1
392777282,2012,0,0,0,0,956,186,0,0,1
392777282,2013,0,0,0,0,956,186,0,0,1
392777282,2014,0,1,0,0,956,186,0,0,1
392777282,2015,0,0,0,1,984,186,0,0,1
392777282,2016,0,0,0,1,984,217,0,0,1
392777282,2017,0,0,0,1,984,217,0,0,1
392777282,2018,0,0,0,1,984,217,0,0,1
392777292,2011,0,0,0,0,1913,31,2,1,0
392777292,2012,0,0,0,0,1913,327,2,1,0
392777292,2013,0,0,0,0,1913,327,2,1,0
392777292,2014,0,0,0,0,1913,327,2,1,0
392777292,2015,0,0,0,0,1785,327,2,1,0
392777292,2016,1,0,0,0,1785,314,2,1,0
392777292,2017,0,0,1,0,1785,314,2,1,0
392777292,2018,0,0,1,0,1785,314,2,1,0
392777604,2011,0,0,0,0,26,10,0,0,1
392777604,2012,0,0,0,0,26,60,0,0,1
392777604,2013,0,1,0,0,26,60,0,0,1
392777604,2014,0,0,0,1,26,60,0,0,1
392777604,2015,0,0,0,1,24,60,0,0,1
392777604,2016,0,0,0,1,24,27,0,0,1
392777604,2017,0,0,0,1,24,27,0,0,1
392777604,2018,0,0,0,1,24,27,0,0,1
392777834,2011,0,0,0,0,31,10,0,0,1
392777834,2012,0,0,0,0,31,3,0,0,1
392777834,2013,0,0,0,0,31,3,0,0,1
392777834,2014,0,0,0,0,31,3,0,0,1
392777834,2015,0,0,0,0,27,3,0,0,1
392777834,2016,0,0,0,0,27,2,0,0,1
392777834,2017,0,1,0,0,27,2,0,0,1
392777834,2018,0,0,0,1,27,2,0,0,1
392860214,2011,0,0,0,0,294,31,0,0,1
392860214,2012,0,0,0,0,294,192,0,0,1
392860214,2013,0,0,0,0,294,192,0,0,1
392860214,2014,0,1,0,0,294,192,0,0,1
392860214,2015,0,0,0,1,262,192,0,0,1
392860214,2016,0,0,0,1,262,297,0,0,1
392860214,2017,0,0,0,1,262,297,0,0,1
392860214,2018,0,0,0,1,262,297,0,0,1
392870304,2011,0,0,0,0,447,31,1,1,0
392870304,2012,0,0,0,0,447,192,1,1,0
392870304,2013,0,0,0,0,447,192,1,1,0
392870304,2014,0,0,0,0,447,192,1,1,0
392870304,2015,0,0,0,0,465,192,1,1,0
392870304,2016,1,0,0,0,465,224,1,1,0
392870304,2017,0,0,1,0,465,224,1,1,0
392870304,2018,0,0,1,0,465,224,1,1,0
402706512,2011,0,0,1,0,25,10,1,1,0
402706512,2012,0,0,1,0,25,10,1,1,0
402706512,2013,0,0,1,0,25,10,1,1,0
402706512,2014,0,0,1,0,25,10,1,1,0
402706512,2015,0,0,1,0,24,10,1,1,0
402706512,2016,1,0,1,0,24,10,1,1,0
402706512,2017,0,0,2,0,24,10,1,1,0
402706512,2018,0,0,2,0,24,10,1,1,0
402707082,2011,0,0,0,0,67,10,1,0,1
402707082,2012,0,0,0,0,67,10,1,0,1
402707082,2013,0,0,0,0,67,10,1,0,1
402707082,2014,0,1,0,0,67,10,1,0,1
402707082,2015,0,0,0,1,67,10,1,0,1
402707082,2016,0,0,0,1,67,10,1,0,1
402707082,2017,0,0,0,1,67,10,1,0,1
402707082,2018,0,0,0,1,67,10,1,0,1
402707261,2011,0,0,0,0,41,10,0,1,0
402707261,2012,0,0,0,0,41,31,0,1,0
402707261,2013,0,0,0,0,41,31,0,1,0
402707261,2014,0,0,0,0,41,31,0,1,0
402707261,2015,0,0,0,0,39,31,0,1,0
402707261,2016,1,0,0,0,39,43,0,1,0
402707261,2017,0,0,1,0,39,43,0,1,0
402707261,2018,0,0,1,0,39,43,0,1,0
402707324,2011,0,0,0,0,115,10,0,0,1
402707324,2012,0,0,0,0,115,9,0,0,1
402707324,2013,0,0,0,0,115,9,0,0,1
402707324,2014,0,0,0,0,115,9,0,0,1
402707324,2015,0,0,0,0,103,9,0,0,1
402707324,2016,0,0,0,0,103,11,0,0,1
402707324,2017,0,1,0,0,103,11,0,0,1
402707324,2018,0,0,0,1,103,11,0,0,1
402707402,2011,0,0,0,0,104,10,0,0,1
402707402,2012,0,0,0,0,104,12,0,0,1
402707402,2013,0,0,0,0,104,12,0,0,1
402707402,2014,0,0,0,0,104,12,0,0,1
402707402,2015,0,1,0,0,103,12,0,0,1
402707402,2016,0,0,0,1,103,17,0,0,1
402707402,2017,0,0,0,1,103,17,0,0,1
402707402,2018,0,0,0,1,103,17,0,0,1